index,balance 1,balance 2,balance 3,balance 4,balance 5
20160104,980495.6667,968744.0273,985854.0721,961110.0264,960452.2193
20160105,966791.563,954801.5947,968683.4787,943048.4114,942232.8088
20160106,947167.3082,935727.0283,942401.6558,921610.9579,922289.6055
20160107,940359.4498,928887.9805,933701.0537,912808.4965,914385.0445
20160108,943497.9746,930560.7935,932872.2397,913547.6483,916499.33
20160111,945920.8588,932436.3247,938006.0607,920073.2107,921920.8545
20160112,926469.7909,910931.999,917830.936,899102.7552,899997.2711
20160113,938670.3196,922309.2676,934029.6399,915167.495,916244.5744
20160114,917031.8066,900627.5075,912842.9536,893327.089,891863.9569
20160115,915057.7724,898256.5109,912959.9912,892633.794,893309.7121
20160119,899082.4287,881946.5854,894098.9315,874903.2119,878004.152
20160120,904151.2372,887204.3147,901600.177,883624.9532,880111.5208
20160121,919624.8808,904463.1326,919202.6121,900835.6172,891936.4756
20160122,907154.7314,890064.5862,903390.9949,881932.2086,872030.4009
20160125,926120.956,906834.8298,923354.6862,899673.3453,892113.9738
20160126,919526.1025,899320.1374,899530.5872,879303.6131,883055.1767
20160127,926266.8144,906174.4026,912773.971,891889.7528,888500.3007
20160128,949401.2031,927822.8967,928735.4764,910615.7749,909134.8254
20160129,948451.8125,926895.0625,927806.75,909705.1875,908225.6875
20160201,948451.8125,926895.0625,927806.75,909705.1875,908225.6875
20160202,948451.8125,926895.0625,927806.75,909705.1875,908225.6875
20160203,948451.8125,926895.0625,927806.75,909705.1875,908225.6875
20160204,948451.8125,926895.0625,927806.75,909705.1875,908225.6875
20160205,948451.8125,926895.0625,927806.75,909705.1875,908225.6875
20160208,948451.8125,926895.0625,927806.75,909705.1875,908225.6875
20160209,948451.8125,926895.0625,927806.75,909705.1875,908225.6875
20160210,945956.4063,924399.7188,925949.9316,909314.9348,906298.3921
20160211,952110.5137,930553.7637,927355.2694,911117.0853,909749.1128
20160212,951812.25,930255.5,927263.8125,910978.5625,909552.0625
20160216,953885.3159,932328.5659,928646.5077,912425.1757,911317.8326
20160217,953356.1064,931799.3564,928233.112,913339.8939,910726.4573
20160218,953032.0801,931475.3613,927336.605,913362.4794,909458.3169
20160219,960555.248,938998.5293,930393.9074,915514.1419,914229.3765
20160222,951920.2656,930363.5469,924969.452,913053.7659,908104.8564
20160223,957575.1563,936018.4277,926415.2907,913695.2496,909945.9722
20160224,971435.5486,949499.0585,930900.4721,917401.4457,916440.9912
20160225,967854.8376,945644.453,930263.5615,916570.9839,915579.2632
20160226,960673.904,938542.0077,928127.8589,914373.4779,911454.5151
20160229,981216.3259,958395.83,937944.9033,920501.1049,932768.6643
20160301,982097.654,959429.4374,937832.2823,919952.2111,934087.4851
20160302,984432.1228,961720.4218,938673.4092,921064.5694,936877.1344
20160303,988013.2282,965028.8632,940218.9878,922093.4728,940819.6587
20160304,985599.4138,962829.539,941416.8433,923887.2698,944985.8269
20160307,980534.3845,958212.3476,938818.7279,922518.7018,939082.9831
20160308,983213.1462,960877.8964,939270.3164,924209.2568,939339.0026
20160309,982047.0603,959649.5077,939327.8581,923233.061,939787.1992
20160310,996378.9431,973388.9433,948481.0891,930018.7722,949925.4937
20160311,994916.3298,972053.1523,947409.1176,929978.4581,951782.2859
20160314,996600.1462,973827.4726,947108.9595,929586.2655,952696.8818
20160315,1001598.041,978741.2616,949834.5395,933019.7196,955054.9295
20160316,1011196.31,988003.1776,957533.9622,939580.8207,963372.836
20160317,1016634.861,993152.6073,966076.7623,946516.1501,972257.425
20160318,1016625.179,993241.203,965401.0301,946670.7314,970277.2972
20160321,1013255.974,990047.1913,960363.6152,943687.1786,967994.6473
20160322,1010926.088,987759.0292,955115.6611,939644.7793,965202.9882
20160323,1012433.152,989267.7812,956351.8299,939143.3823,963707.6153
20160324,1014746.674,991474.789,958275.8471,940570.3728,965415.4644
20160328,1020724.416,997523.1015,961323.4596,943341.1168,972331.8843
20160329,1027285.058,1003897.293,963077.2817,946559.0935,978420.0598
20160330,1026447.468,1003224.846,962162.8804,944430.6165,977158.9401
20160331,1036201.5,1012761.644,968278.6057,952674.9999,983841.7233
20160401,1034312.418,1011000.773,964262.7362,950037.7964,984015.0954
20160405,1030436.148,1007653.22,959975.2195,947678.5566,977333.4002
20160406,1019152.093,996678.7734,946610.4344,935300.091,962494.0899
20160407,1020823.503,998142.8225,950068.0092,938742.3553,965376.2111
20160408,1018967.756,996282.1036,949406.9093,937982.7331,965153.2477
20160411,1027011.23,1004043.424,958391.6221,947705.6173,972982.0013
20160412,1033019.847,1008956.523,967756.6104,958129.3925,981204.0329
20160413,1032701.634,1008853.043,968193.2604,960128.0608,983328.5453
20160414,1035019.175,1010981.282,970236.0092,956306.251,982120.1054
20160415,1041176.335,1015858.434,974847.4398,963215.047,986459.7382
20160418,1043852.628,1017304.341,975313.7843,971841.3672,990558.3761
20160419,1034363.479,1008297.585,968066.0124,973384.858,985369.0467
20160420,1023630.974,998382.2323,957096.3433,968291.7313,972480.8405
20160421,1029230.338,1003628.023,960645.9726,971683.7388,976209.7179
20160422,1030376.18,1005024.594,960977.2942,969433.8687,977821.1265
20160425,1030340.299,1004955.049,963226.3303,976044.9383,980471.3951
20160426,1033644.883,1008272.58,967094.7134,989286.497,984348.0946
20160427,1025497.171,1000580.592,958346.6545,977274.9745,976444.0419
20160428,1022438.711,997350.6111,954848.2412,973992.1081,971291.507
20160429,1030556.432,1005125.653,962856.2618,979759.6447,979793.497
20160502,1026098.288,1000708.552,957823.5811,969576.737,976074.4847
20160503,1023728.382,998652.804,954650.3809,962202.3507,973761.7265
20160504,1022592.397,997436.2395,951794.5719,964338.6033,973312.4749
20160505,1026697.999,1001797.543,955173.4678,968872.4434,975796.7864
20160506,1027092.348,1002016.859,953787.773,964118.0297,976145.2498
20160509,1036822.385,1011587.912,963465.2829,979021.969,985561.2022
20160510,1026318.769,1001682.221,953481.5236,967610.8987,973615.9356
20160511,1028759.553,1004563.641,955187.6306,971823.5186,975517.9605
20160512,1017474.001,993514.0301,943996.6955,959239.2337,964741.5445
20160513,1027051.951,1003002.935,952745.1989,968466.3692,971968.7369
20160516,1013626.225,989605.2252,940024.195,959523.5045,958669.4615
20160517,1008404.116,984421.2286,935162.4801,959534.3948,953728.2213
20160518,1005573.782,981798.1149,931181.609,948513.6846,949448.2918
20160519,1009458.414,984596.7291,933130.2813,944409.0092,951155.2722
20160520,1012793.066,988056.816,935735.2091,945355.4197,952696.6325
20160523,1025636.514,1000639.616,947118.0626,951530.9895,963918.9118
20160524,1029226.621,1004147.985,950552.3243,960518.3767,967014.6511
20160525,1025037.952,1000388.508,947534.2266,958614.1294,964123.2315
20160526,1026472.989,1001778.856,948264.7266,959296.2926,964914.458
20160527,1020116.052,995754.1725,943240.1759,948698.0136,960250.3193
20160531,1022845.373,998463.3722,945185.7497,950709.538,961804.6143
20160601,1026267.254,1001730.559,949508.5896,947909.9798,964716.8799
20160602,1029601.928,1005194.025,953345.574,945213.3704,967193.8545
20160603,1032150.094,1007973.978,955998.1951,959127.0452,970399.3034
20160606,1034103.054,1009727.399,958137.0056,962364.5563,972222.2009
20160607,1036027.502,1011814.671,960853.8657,964399.2262,974377.1261
20160608,1034445.991,1010458.398,959123.748,963693.2865,972780.7739
20160609,1033365.139,1009299.175,958795.4121,954010.5126,973791.2973
20160610,1027219.804,1002798.239,954270.905,952625.3031,971719.2855
20160613,1023756.45,999669.7129,949760.8992,949739.8737,968882.6517
20160614,1021274.309,997228.5537,947783.5426,946545.7991,965705.3606
20160615,1027734.976,1003481.188,952434.9351,949874.4726,970413.9209
20160616,1026505.551,1002004.789,952235.8277,948095.785,969065.0583
20160617,1032531.86,1007883.326,957709.6246,959035.6981,975131.8108
20160620,1034174.992,1009581.749,958656.318,958800.7538,975333.9137
20160621,1031385.618,1006721.572,955380.5601,954972.9266,971401.4567
20160622,1042832.468,1017695.199,966354.732,968077.3202,982589.1725
20160623,1013199.463,989019.4828,936843.5458,931032.3364,953302.6705
20160624,995616.7264,972024.9441,919137.0849,914032.9852,935321.3365
20160627,1005064.84,981370.9367,929172.8642,930066.9973,946822.4332
20160628,1020497.249,996306.7316,944065.6318,947231.9859,962625.707
20160629,1031486.519,1006979.648,954028.2431,962798.6711,972950.2646
20160630,1034264.066,1009699.52,956835.4002,961900.8189,974997.3916
20160705,1029752.794,1005551.288,952052.6753,956680.3125,970737.4351
20160706,1027744.5,1003733.229,949775.1724,954972.2955,967726.8526
20160707,1043359.704,1018704.151,964942.1324,968470.4455,980495.4029
20160708,1048686.629,1023873.499,970092.9998,976247.7836,984916.5855
20160711,1056455.153,1031534.603,975353.21,986709.5317,987739.3053
20160712,1059163.004,1034345.112,975477.3591,988351.1725,988296.4361
20160713,1071193.653,1046062.838,984108.6452,999203.1283,996503.9492
20160714,1070059.641,1044897.618,984329.1328,998231.137,995591.4395
20160715,1073554.624,1048144.777,983982.1094,1000864.617,995742.9405
20160718,1073277.806,1047988.204,986487.1151,1000668.817,998788.7128
20160719,1076394.632,1050912.788,986919.9087,1000262.613,1000187.415
20160720,1070915.786,1045880.222,981620.6092,993677.9982,995334.4564
20160721,1076428.1,1051346.743,983352.4454,997865.1594,997645.5769
20160722,1076182.742,1051027.599,976555.0599,991922.6101,991131.0263
20160725,1071745.208,1046325.655,980974.9408,985445.2204,990076.7729
20160726,1064832.634,1039413.352,984424.4138,977410.695,991206.884
20160727,1063314.382,1037973.185,979499.5201,975377.5169,986442.33
20160728,1060068.884,1034970.577,978634.3018,968445.6991,985421.9936
20160729,1061798.757,1036864.434,972242.1237,961601.2746,977815.5436
20160801,1053849.044,1028981.709,968022.7771,956402.4049,973411.0867
20160802,1056002.534,1030394.989,969981.0798,962503.8427,975231.417
20160803,1057172.595,1031476.633,969833.9969,963037.3977,974998.8686
20160804,1067825.966,1041523.91,983532.5345,976458.5757,990188.6537
20160805,1066199.898,1039660.15,985253.5224,978362.7436,992572.4439
20160808,1066667.437,1040143.387,985400.455,980144.7611,992450.3112
20160809,1067148.412,1040678.042,978196.5026,975151.4846,983935.3307
20160810,1072171.54,1045463.484,984065.6367,982670.0258,990560.8988
20160811,1067193.564,1040673.882,986139.8539,982412.6197,993126.6426
20160812,1072507.874,1045671.477,990163.358,989894.7705,997266.1303
20160815,1067810.308,1040946.053,987764.2171,988549.4532,995476.709
20160816,1068628.061,1041881.052,988649.1288,987738.0836,996571.2934
20160817,1072744.02,1045826.059,992529.1957,990277.5562,1000844.489
20160818,1069547.447,1042514.699,986833.4454,987205.9232,994720.6568
20160819,1069476.174,1042356.882,986577.9734,986951.8904,995039.2233
20160822,1070990.936,1043995.693,984799.8402,986578.8191,993296.7402
20160823,1067598.742,1040699.328,981531.1036,983658.5702,989696.4213
20160824,1069056.924,1042170.094,978005.9887,985298.1561,985490.5917
20160825,1065487.216,1038670.28,975935.0556,983053.6739,983355.4363
20160826,1073820.332,1046778.102,981702.2708,989292.7348,989069.8012
20160829,1075255.846,1047811.802,976140.5012,995272.5839,983157.9359
20160830,1074498.98,1047054.173,972731.6788,995952.0239,979308.0453
20160831,1076277.766,1048712.629,972897.1214,993263.8871,978856.3539
20160901,1080584.782,1052882.535,978741.5801,997351.4233,984927.9547
20160902,1082489.874,1054843.34,988088.3618,1002438.015,994981.4696
20160906,1081862.693,1054141.278,987387.4235,1002186.065,994369.6244
20160907,1085551.167,1057348.816,987731.5099,1007791.971,996529.4697
20160908,1065644.501,1037896.66,964478.6141,986802.9906,972867.488
20160909,1077407.437,1049528.928,976007.2283,1002161.4,984355.901
20160912,1060253.886,1032844.759,962599.7288,981946.5007,969323.6588
20160913,1059248.918,1031973.627,960131.8699,978701.9753,965432.751
20160914,1069468.942,1041850.334,970027.0578,990086.6994,975004.921
20160915,1064864.423,1037326.768,964527.9277,983660.9909,968935.6667
20160916,1064564.776,1036970.048,962744.3237,983030.672,967306.8037
20160919,1065625.028,1038157.884,960017.7651,985821.6699,964851.7514
20160920,1069434.541,1042020.185,971140.7582,990716.672,976443.7087
20160921,1075027.126,1047285.38,976714.9211,996642.6654,982156.1676
20160922,1067056.613,1039752.941,971373.8573,985261.2886,976912.2669
20160923,1054800.889,1027925.355,964566.1019,969840.5678,970186.2848
20160926,1063056.778,1035942.717,970187.3614,977903.3665,975901.8332
20160927,1062674.612,1035510.259,986226.4485,979665.9072,991811.6361
20160928,1047968.651,1021401.006,975576.2445,963912.7684,980786.824
20160929,1059818.573,1032897.033,984566.2049,975547.6973,989911.6279
20161003,1054875.065,1027812.229,980277.8319,972206.783,986431.5623
20161004,1067340.817,1039495.042,989314.6294,986044.1369,995379.4052
20161005,1069295.501,1041363.721,985500.8495,988561.5767,990559.8212
20161006,1071336.444,1042570.144,983447.9822,995458.8497,989130.0566
20161007,1076148.788,1047422.071,995454.0371,1001763.323,1001350.392
20161010,1065418.918,1036757.532,983987.8226,991053.1094,989587.5502
20161011,1063479.866,1035111.495,982918.881,994168.0555,988295.6104
20161012,1057358.071,1029389.817,982014.9512,989817.4088,986721.2581
20161013,1063315.941,1034554.511,982859.6671,996743.9047,988264.0218
20161014,1058553.668,1030272.849,981333.2019,988611.1601,987199.6196
20161017,1068086.786,1039033.501,984376.0798,999528.2324,990033.0453
20161018,1070390.227,1042447.308,988596.2692,1002608.883,992747.554
20161019,1066971.211,1040256.387,985520.6311,1000505.309,999157.9736
20161020,1065945.143,1039046.685,987526.6216,1007813.312,996456.2226
20161021,1070547.166,1042704.265,994247.0834,1011106.825,1002716.594
20161024,1075226.534,1046600.835,995444.9298,1011029.069,1009018.734
20161025,1088000.429,1057992.522,1007381.535,1015283.196,1015529.093
20161026,1083512.512,1053164.222,999584.9293,1014978.248,1008876.252
20161027,1078434.093,1048883.861,997388.6626,1013764.897,1001964.528
20161028,1076473.611,1046492.466,995743.7739,1018638.609,1000239.06
20161031,1074171.752,1044690.102,990520.0702,1015774.325,993572.0023
20161101,1066092.192,1036484.843,985019.2885,1010918.341,988134.1624
20161102,1062726.032,1033205.772,980800.3377,1007998.818,980580.7309
20161103,1059444.351,1030644.083,977160.0905,1003834.412,975080.9242
20161104,1086056.875,1055907.496,996702.6141,1028785.797,994036.3657
20161107,1086963.572,1056649.734,1000326.149,1034594.013,995084.2479
20161108,1123672.915,1092335.376,1016967.627,1065392.77,1006289.879
20161109,1147903.063,1114765.592,1019664.03,1082545.975,1000669.546
20161110,1149576.343,1114869.595,1022465.309,1091536.037,1006229.968
20161111,1162987.986,1126146.801,1031395.961,1114874.837,998935.2062
20161114,1161824.89,1125020.625,1030364.563,1113760,997936.25
20161115,1161825.07,1125020.625,1030364.563,1113760,997936.25
20161116,1162313.502,1125232.184,1030605.936,1114001.374,997878.6621
20161117,1161881.287,1124644.37,1030302.877,1113698.314,996724.7319
20161118,1163937.765,1126838.916,1032507.906,1115903.313,998750.8677
20161121,1166081.548,1128997.34,1035244.158,1118639.533,1001471.494
20161122,1167795.103,1130722.543,1038031.641,1121427.047,1002651.737
20161123,1168764.381,1131920.417,1041386.7,1124787.947,1005405.23
20161125,1165192.86,1127971.909,1039928.122,1123097.104,1005043.333
20161128,1166027.788,1128149.733,1039443.921,1122540.975,1006639.952
20161129,1172665.056,1133275.386,1038691.025,1122292.843,1006763.847
20161130,1171798.625,1132202.5,1037652.313,1121170.625,1005757.125
20161201,1171798.625,1132202.5,1037652.313,1121170.625,1005757.125
20161202,1171798.625,1132202.5,1037652.313,1121170.625,1005757.125
20161205,1172087.237,1132396.431,1037954.815,1121473.065,1005891.037
20161206,1176330.745,1137450.271,1043001.877,1126520.064,1009389.773
20161207,1178289.409,1139666.583,1044756.246,1128274.496,1011185.673
20161208,1177893.75,1139232.125,1044221.563,1127739.75,1010678.125
20161209,1177501.885,1139154.06,1044321.063,1127839.313,1011285.392
20161212,1178288.821,1140622.697,1046823.312,1130341.562,1012757.692
20161213,1175505.919,1137993.035,1043945.219,1127463.438,1009255.842
20161214,1177518.534,1140812.681,1045165.031,1128683.25,1011198.765
20161215,1175132.332,1138174.854,1042064.469,1125582.703,1013161.061
20161216,1176399.771,1138483.88,1046592.951,1130400.734,1014121.905
20161219,1181447.017,1144605.312,1053319.567,1137464.831,1017452.195
20161220,1179552.013,1141825.554,1051693.571,1135838.956,1016529.043
20161221,1178650.255,1140957.815,1049109.367,1133330.284,1012978.762
20161222,1180434.648,1142859.005,1049636.578,1133876.001,1013925.242
20161223,1181119.166,1143491.284,1050739.769,1134939.593,1014401.371
20161227,1174100.188,1136518.999,1045083.577,1128774.495,1007983.015
20161228,1169839.331,1133479.592,1044212.372,1128005.548,1005991.51
20161229,1169479.225,1132631.417,1041091.563,1124531.833,1001838.692
20170103,1184814.143,1146966.4,1049506.33,1133720.645,1014312.774
20170104,1181781.468,1142096.545,1046397.746,1130360.434,1012651.881
20170105,1185927.171,1145940.473,1050786.596,1134925.977,1015170.036
20170106,1179156.556,1140847.827,1045805.368,1129313.187,1013898.625
20170109,1176568.142,1139472.163,1045633.315,1129296.227,1013803.393
20170110,1183867.844,1147872.79,1051300.758,1135082.363,1020645.727
20170111,1179563.374,1142899.596,1047210.956,1131083.843,1016708.336
20170112,1181627.086,1142485.835,1047737.299,1131581.665,1015098.193
20170113,1179527.58,1131229.46,1038600.288,1122452.255,1010086.303
20170117,1176886.351,1129539.71,1036574.381,1120039.63,1008043.508
20170118,1173305.483,1118627.565,1030595.533,1113800.97,1000506.808
20170119,1183243.842,1123191.871,1037395.761,1121536.878,1003843.13
20170120,1175681.807,1120777.002,1039959.757,1124163.337,1002696.15
20170123,1182773.323,1131889.778,1046583.33,1131458.872,1012306.877
20170124,1200441.342,1138499.848,1055077.58,1141018.68,1019101.063
20170125,1200980.196,1145431.025,1057795.118,1144063.073,1025458.549
20170126,1195793.826,1143074.006,1054890.236,1140323.085,1025218.181
20170127,1186249.922,1132957.714,1047963.936,1132431.384,1018640.105
20170130,1179452.573,1120331.279,1039217.14,1122557.359,1010557.454
20170131,1176484.793,1120148.613,1039136.594,1122389.964,1022162.077
20170201,1177070.59,1119057.425,1039734.504,1123206.904,1019358.5
20170202,1182639.895,1140139.242,1057236.813,1142005.06,1030723.01
20170203,1185473.491,1136409.408,1054049.348,1138899.275,1028690.197
20170206,1189588.912,1132983.624,1056048.189,1141385.118,1028305.871
20170207,1182657.768,1128073.993,1053787.42,1139072.246,1026885.664
20170208,1189265.93,1139806.313,1060952.474,1146950.443,1034480.371
20170209,1196721.703,1146612.205,1065459.287,1152140.697,1040167.774
20170210,1204334.198,1156416.856,1072900.079,1159929.564,1047481.526
20170213,1204259.516,1161958.314,1080558.288,1168026.831,1054312.336
20170214,1213698.133,1163023.087,1085280.464,1173356.724,1054762.274
20170215,1214564.907,1160710.457,1085077.396,1173097.629,1054473.596
20170216,1220246.414,1161798.488,1088670.424,1177048.094,1053595.461
20170217,1232285.715,1165915.302,1094243.698,1183171.713,1058533.405
20170221,1228892.356,1172811.783,1095658.447,1184925.002,1068457.356
20170222,1235586.444,1173903.012,1094033.282,1183262.287,1068807.326
20170223,1236571.707,1168186.61,1091456.419,1180394.919,1066922.676
20170224,1241709.86,1168744.402,1090818.691,1179410.354,1066017.631
20170227,1242861.828,1162502.072,1089635.078,1178220.418,1060755.937
20170228,1260289.727,1183049.044,1104546.128,1194460.326,1079758.599
20170301,1255967.35,1175279.565,1100198.087,1189706.365,1074427.139
20170302,1251193.19,1176055.704,1102422.741,1191525.76,1074532.734
20170303,1248070.227,1175306.913,1099328.278,1188327.48,1074253.523
20170306,1246987.639,1171825.246,1095044.367,1183701.387,1071047.808
20170307,1239357.889,1168610.628,1092495.976,1180834.044,1067605.096
20170308,1238945.032,1170569.112,1090232.059,1178279.9,1070437.96
20170309,1237329.145,1169756.268,1089667.393,1177802.071,1071328.757
20170310,1236085.832,1168950.282,1087284.901,1175048.786,1071848.953
20170313,1231308.016,1166945.435,1085898.74,1173525.804,1069681.228
20170314,1238316.942,1170487.04,1088021.135,1175920.579,1076325.198
20170315,1235339.44,1171187.409,1091227.904,1179448.44,1075410.139
20170316,1239590.901,1164515.188,1085098.32,1172779.997,1071041.823
20170317,1237162.387,1163060.625,1082936.687,1170572.477,1072526.702
20170320,1225666.301,1139622.046,1065747.144,1152064.9,1053881.046
20170321,1223461.309,1138452.648,1062504.035,1147564.626,1052709.452
20170322,1224615.448,1142948.895,1064022.525,1149415.014,1057548.997
20170323,1221250.256,1134975.431,1059227.418,1144580.703,1049856.413
20170324,1218569.946,1133155.527,1054238.21,1139218.925,1051460.625
20170327,1225584.713,1146407.511,1062667.266,1148354.974,1064997.169
20170328,1227341.2,1143401.156,1060269.108,1145848.752,1061669.08
20170329,1228520.242,1153342.494,1064584.183,1150205.822,1067909.731
20170330,1220846.057,1146110.79,1061480.49,1146735.299,1060385.774
20170331,1221338.28,1141483.203,1060108.316,1145283.594,1056431.549
20170404,1221955.441,1139948.374,1057238.928,1141870.68,1056820.668
20170405,1222692.241,1143277.676,1059849.186,1144410.986,1059123.268
20170406,1225484.961,1140687.036,1057974.658,1141947.565,1056768.717
20170407,1223411.571,1141944.659,1060629.507,1143852.233,1058403.44
20170410,1225927.545,1136727.612,1059712.347,1142361.605,1053571.007
20170411,1221155.833,1130885.712,1052528.09,1137591.003,1046742.734
20170412,1214113.099,1118815.821,1044964.815,1128520.537,1036042.012
20170413,1226647.495,1128090.12,1055856.602,1139144.639,1045343.616
20170417,1222563.692,1110933.681,1041448.356,1129995.906,1031628.323
20170418,1219608.363,1104640.759,1036335.449,1117677.558,1027557.103
20170419,1224977.799,1123112.944,1046880.115,1129295.937,1038665.797
20170420,1223328.175,1123066.294,1045384.15,1125396.166,1037063.969
20170421,1231343.507,1138515.763,1059762.882,1139457.436,1049878.012
20170424,1239046.59,1153988.265,1075669.833,1163130.796,1065227.198
20170425,1229319.506,1150839.224,1075784.998,1161163.999,1061306.331
20170426,1232101.806,1147727.34,1076306.048,1155838.256,1061218.023
20170427,1236068.763,1144799.048,1074231.762,1152356.157,1062266.053
20170428,1229375.155,1149240.956,1070930.252,1152857.337,1062031.145
20170501,1231479.591,1149408.174,1072146.252,1152580.984,1063620.138
20170502,1233183.878,1147898.943,1071615.88,1153025.272,1065182.413
20170503,1229063.389,1140505.005,1067678.521,1148810.107,1059153.03
20170504,1235729.193,1145856.563,1072213.894,1148682.129,1065984.872
20170505,1241244.897,1145773.814,1072463.725,1147648.644,1070834.915
20170508,1242131.409,1142797.985,1071857.043,1144291.12,1069729.975
20170509,1229910.032,1143135.81,1068675.667,1145252.086,1062791.987
20170510,1232458.111,1141742.766,1068205.273,1145350.539,1066704.911
20170511,1230529.402,1140422.997,1065387.835,1144997.871,1064887.007
20170512,1228480.168,1147561.729,1069559.354,1153225.034,1067547.928
20170515,1226366.907,1150268.479,1068738.203,1156274.376,1066034.66
20170516,1207777.584,1128672.206,1040618.523,1136545.351,1040326.001
20170517,1202911.724,1129448.235,1041433.724,1136465.955,1040752.262
20170518,1214664.451,1134917.578,1048482.761,1144598.329,1049347.888
20170519,1224696.202,1139378.324,1051323.798,1148083.057,1055242.404
20170522,1225977.813,1143056.501,1056570.677,1152149.706,1059931.493
20170523,1230419.666,1143661.019,1063973.078,1154469.954,1065429.586
20170524,1235795.655,1144530.949,1064961.449,1156834.812,1066313.515
20170525,1234784.103,1146088.5,1065846.673,1157127.954,1066594.386
20170526,1235413.146,1144231.553,1057209.003,1152462.912,1060657.345
20170530,1239421.939,1141301.719,1046323.484,1150980.586,1053127.599
20170531,1239398.219,1148251.997,1053695.767,1157479.662,1057705.694
20170601,1246649.994,1150587.111,1050794.296,1157568.564,1057192.924
20170602,1245504.748,1156214.443,1049835.988,1159497.325,1055818.323
20170605,1239802.114,1162593.274,1048256.724,1159566.932,1055693.103
20170606,1243706.224,1161996.202,1051182.56,1158141.349,1057793.318
20170607,1245532.634,1160385.35,1053842.07,1161095.018,1061752.404
20170608,1251108.238,1165278.801,1064746.375,1170311.444,1069678.781
20170609,1254190.368,1165640.21,1066689,1170676.91,1070164.628
20170612,1257721.905,1172100.891,1071741.669,1173032.389,1074067.596
20170613,1261197.113,1164553.544,1076451.761,1169070.325,1073774.091
20170614,1268979.262,1165195.647,1074748.798,1171960.69,1076490.426
20170615,1271395.502,1175711.186,1075254.025,1178789.898,1080289.892
20170616,1279705.802,1177281.668,1084826.812,1180956.441,1088898.775
20170619,1273373.347,1171691.67,1078513.392,1177386.954,1083790.189
20170620,1273359.884,1162056.31,1070775.947,1166351.046,1078171.075
20170621,1270555.985,1161256.542,1064968.423,1166316.05,1074836.722
20170622,1282857.141,1167629.604,1060257.214,1169855.415,1078599.3
20170623,1276618.866,1164525.004,1064389.238,1170041.756,1077470.357
20170626,1269332.443,1157495.094,1062752.605,1167070.822,1072977.862
20170627,1273846.466,1166457.07,1073364.513,1177800.574,1082201.461
20170628,1260862.869,1154282.85,1068399.738,1170279.669,1074490.622
20170629,1267535.699,1159490.729,1072378.716,1174336.543,1074632.819
20170630,1274855.705,1166587.856,1084764.826,1180935.08,1085925.29
20170705,1271551.42,1153379.457,1073362.371,1170013.734,1078340.097
20170706,1276554.722,1159980.351,1073533.2,1177157.002,1080012.561
20170707,1280590.945,1162296.266,1075610.685,1177054.528,1082240.401
20170710,1285915.556,1164588.215,1079538.028,1178123.315,1086499.505
20170711,1290115.601,1173842.233,1083853.715,1184778.08,1090449.537
20170712,1289513.176,1175058.753,1089837.28,1186303.16,1093359.671
20170713,1298830.634,1181270.811,1091870.136,1191758.67,1096364.266
20170714,1299235.799,1180182.837,1092989.805,1190001.485,1095137.287
20170717,1299752.479,1175000.423,1083962.749,1187791.082,1089451.615
20170718,1303920.005,1178046.479,1088368.339,1191709.808,1091016.896
20170719,1304089.002,1177901.018,1086497.604,1192218.93,1090379.438
20170720,1306577.993,1170463.669,1083329.018,1186581.176,1085749.443
20170721,1303717.299,1170399.858,1081073.585,1187079.198,1079962.198
20170724,1307886.854,1194170.672,1088881.995,1196785.026,1080322.78
20170725,1336727.159,1191047.363,1111002.278,1198656.058,1081246.603
20170726,1335390.5,1189856.25,1109891.25,1197457.375,1080165.375
20170727,1335390.5,1189856.25,1109891.25,1197457.375,1080165.375
20170728,1335390.5,1189856.25,1109891.25,1197457.375,1080165.375
20170731,1335390.5,1189856.25,1109891.25,1197457.375,1080165.375
20170801,1335431.164,1190283.75,1110302.607,1197623.807,1080083.576
20170802,1335518.777,1189933.753,1110521.577,1198002.669,1080799.085
20170803,1336116.251,1190535.875,1112400.941,1199950.539,1081090.592
20170804,1335278.327,1190921.751,1114243.306,1201434.248,1079651.93
20170807,1334357.089,1190245.5,1112038.166,1199190.674,1078166.383
20170808,1334193.639,1192215.313,1108602.732,1195606.8,1078927.867
20170809,1329828.692,1183652.85,1098218.845,1184837.316,1074507.294
20170810,1329321.934,1183867.555,1098645.863,1185285.072,1073738.793
20170811,1333511.699,1190530.236,1106416.447,1193055.689,1079087.49
20170814,1331058.187,1192454.164,1109690.028,1196638.792,1078327.058
20170815,1333547.242,1192336.881,1108480.397,1195098.649,1080454.941
20170816,1319648.302,1178874.59,1094725.769,1180454.168,1067103.896
20170817,1315414.266,1177544.313,1092222.775,1178423.491,1062439.385
20170818,1317188.179,1178629.063,1094450.318,1180533.335,1063548.313
20170821,1324775.04,1188264.539,1106308.093,1193959.207,1068991.438
20170822,1317937.676,1186645.012,1100170.174,1187688.673,1064124.277
20170823,1315886.663,1185443.422,1098640.993,1186125.613,1062239.456
20170824,1316895.045,1191038.149,1096747.821,1183602.669,1063109.132
20170825,1314440.499,1188157.266,1098132.011,1185143.767,1061270.745
20170828,1318477.164,1191549.364,1102426.793,1190290.018,1065624.185
20170829,1319048.46,1191743.797,1105440.95,1192832.267,1065545.969
20170830,1324738.564,1193588.274,1111635.149,1199275.843,1069186.618
20170831,1319650.491,1195996.27,1113664.512,1201460.62,1066168.781
20170901,1302644.744,1187352.149,1097377.394,1184089.96,1052699.193
20170905,1301342.125,1186164.75,1096280,1182905.875,1051646.5
20170906,1301621.05,1185879.373,1095952.801,1182457.296,1051570.488
20170907,1301533,1185773.25,1095736.75,1182263,1051377.875
20170908,1301533,1185773.25,1095736.75,1182263,1051377.875
20170911,1301533,1185773.25,1095736.75,1182263,1051377.875
20170912,1301533,1185773.25,1095736.75,1182263,1051377.875
20170913,1301533,1185773.25,1095736.75,1182263,1051377.875
20170914,1301533,1185773.25,1095736.75,1182263,1051377.875
20170915,1301832.837,1185774.125,1096464.788,1183019.256,1051456.951
20170918,1301969.502,1186089.937,1096365.95,1182892.165,1051719.944
20170919,1301453.093,1185363.503,1096933.003,1183529.417,1050679.399
20170920,1299745.61,1182927.307,1095572.049,1182243.343,1049276.874
20170921,1299694.411,1182289.686,1093488.495,1180336.765,1049262.943
20170922,1298931.196,1181396.119,1091591.677,1178588.245,1048754.776
20170925,1298499.629,1183073.75,1089886.932,1176338.201,1048797.927
20170926,1297837.902,1181702.094,1091706.446,1177722.174,1046620.358
20170927,1299768.725,1181936.607,1092799.65,1179228.689,1046265.211
20170928,1300856.32,1181709.078,1094273.038,1181159.354,1046709.027
20170929,1309021.946,1186243.076,1104435.927,1193248.939,1055009.514
20171003,1316805.371,1188727.921,1110382.539,1199826.84,1061429.801
20171004,1321521.154,1194671.652,1116692.14,1205685.839,1064419.848
20171005,1322480.041,1190301.092,1116290.195,1205551.813,1065101.229
20171006,1321733.689,1188873.012,1112299.982,1201434.738,1064059.959
20171009,1325435.889,1192101.162,1114442.922,1201632.759,1066622.665
20171010,1327045.716,1191443.582,1117699.516,1203364.049,1066467.535
20171011,1326005.491,1192280.024,1113513.685,1199893.901,1065801.834
20171012,1328250.522,1194017.501,1112755.956,1199359.365,1066983.169
20171013,1333811.459,1200621.813,1119130.453,1206487.745,1071101.076
20171016,1330167.594,1198434.259,1129502.245,1216077.628,1068578.521
20171017,1343443.33,1202671.047,1138864.546,1225930.594,1082035.676
20171018,1343067.73,1201393.085,1137031.205,1224067.745,1082165.795
20171019,1353733.244,1206695.261,1148885.049,1236342.48,1090708.075
20171020,1349587.035,1207136.891,1147951.625,1235069.238,1087288.833
20171023,1375937.91,1220984.15,1158401.986,1248222.988,1106165.613
20171024,1375096.687,1218624.865,1154510.384,1242780.145,1102957.602
20171025,1373721.625,1217406.25,1153355.875,1241537.375,1101854.625
20171026,1374669.749,1217644.797,1153495.004,1241757.865,1102802.812
20171027,1374479.75,1217426.5,1153318.75,1241595.375,1102612.875
20171030,1374479.75,1217426.5,1153318.75,1241595.375,1102612.875
20171031,1374581.374,1217924.209,1153892.627,1242216.396,1102714.499
20171101,1374391.75,1217730.75,1153659.25,1241966.75,1102524.875
20171102,1374391.75,1217730.75,1153659.25,1241966.75,1102524.875
20171103,1374008.751,1217930.189,1153240.869,1241591.483,1102141.876
20171106,1373152.002,1218897.45,1152752.739,1242267.043,1101285.064
20171107,1373150.5,1218610.065,1152432.268,1241873.286,1101283.563
20171108,1369608,1214820.445,1149398.376,1238554.008,1097741.031
20171109,1365838.281,1212373.413,1147152.935,1236502.411,1093971.328
20171110,1366981.297,1212931.533,1147474.453,1236730.956,1095089.706
20171113,1363796.074,1206758.614,1141854.79,1230036.327,1092595.839
20171114,1352921.979,1199361.045,1135022.581,1222499.793,1083976.282
20171115,1370120.453,1207029.428,1139160.362,1231992.089,1098138.347
20171116,1368750.375,1205822.375,1138021.25,1230760.125,1097040.25
20171117,1369161.375,1206167.409,1138343.214,1231276.622,1097451.312
20171120,1368971.875,1205980,1138135.625,1231068.375,1097261.75
20171121,1368473.999,1205109.009,1137452.801,1230424.235,1096763.937
20171122,1368629.563,1205124.42,1137629.111,1230307.908,1096919.438
20171124,1368795.88,1203880.282,1136722.789,1229676.284,1097085.755
20171127,1376673.066,1213416.851,1144567.325,1238357.406,1104962.91
20171128,1380725.219,1219231.06,1148809.797,1243715.282,1109015.094
20171129,1398639.531,1236638.45,1163968.137,1259397.197,1125950.086
20171130,1397147.836,1233185.672,1158031.305,1254097.173,1125224.945
20171201,1391668.874,1235575.704,1158594.704,1258652.739,1121372.424
20171204,1386679.703,1226172.39,1151336.729,1249053.411,1117331.211
20171205,1381972.318,1222605.34,1150398.571,1246863.714,1113486.902
20171206,1387775.744,1226750.815,1152907.709,1249867.836,1118022.369
20171207,1395415.663,1236432.001,1162483.688,1259015.8,1123813.406
20171208,1399984.527,1237738.499,1164930.824,1261678.625,1127462.115
20171211,1405170.314,1247955.899,1168531.899,1266446.985,1131693.783
20171212,1411126.296,1251159.693,1171625.275,1269489.773,1136165.717
20171213,1403710.749,1240600.586,1160413.925,1257862.098,1130393.588
20171214,1409630.101,1252029.215,1171554.846,1269532.706,1135117.113
20171215,1419690.726,1262046.592,1179984.487,1279187.051,1143359.261
20171218,1414446.703,1258186.099,1177083.83,1275905.253,1139255.326
20171219,1412583.085,1258951.631,1178344.83,1277353.948,1137605.756
20171220,1418013.839,1268269.876,1184275.249,1284664.764,1141903.947
20171221,1415589.546,1266022.884,1182567.365,1282534.587,1140055.472
20171222,1412893.876,1265504.14,1182644.015,1282828.625,1137922.158
20171226,1415204.185,1266753.94,1184830.947,1284956.287,1139736.867
20171227,1420064.093,1272470.454,1191192.17,1291754.599,1143520.41
20171228,1411415.456,1265658.02,1184622.524,1284443.741,1136658.066
20171229,1419369.21,1267720.784,1186981.291,1287749.004,1142951.41
20180103,1433561.088,1278256.321,1198414.255,1299481.49,1155157.327
20180104,1442479.154,1285649.193,1206949.4,1308379.895,1161547.074
20180105,1444049.926,1287820.382,1208883.309,1310515.32,1161421.13
20180108,1444878.07,1290276.622,1210985.306,1312660.002,1161763.646
20180109,1444239.063,1289131.604,1209877.414,1312026.5,1158497.183
20180110,1443183.375,1288038.375,1208754.25,1310826.125,1157338.75
20180111,1443183.375,1288038.375,1208754.25,1310826.125,1157338.75
20180112,1443183.375,1288038.375,1208754.25,1310826.125,1157338.75
20180116,1443183.375,1288038.375,1208754.25,1310826.125,1157338.75
20180117,1443183.375,1288038.375,1208754.25,1310826.125,1157338.75
20180118,1443183.375,1288038.375,1208754.25,1310826.125,1157338.75
20180119,1443183.375,1288038.375,1208754.25,1310826.125,1157338.75
20180122,1443183.375,1288038.375,1208754.25,1310826.125,1157338.75
20180123,1443183.375,1288038.375,1208754.25,1310826.125,1157338.75
20180124,1443183.375,1288038.375,1208754.25,1310826.125,1157338.75
20180125,1443183.375,1288038.375,1208754.25,1310826.125,1157338.75
20180126,1443183.375,1288038.375,1208754.25,1310826.125,1157338.75
20180129,1443183.375,1288038.375,1208754.25,1310826.125,1157338.75
20180130,1443183.375,1288038.375,1208754.25,1310826.125,1157338.75
20180131,1443183.375,1288038.375,1208754.25,1310826.125,1157338.75
20180201,1443183.375,1288038.375,1208754.25,1310826.125,1157338.75
20180202,1443183.375,1288038.375,1208754.25,1310826.125,1157338.75
20180205,1443183.375,1288038.375,1208754.25,1310826.125,1157338.75
20180206,1442715.249,1287570.249,1208286.124,1310358.124,1157705.961
20180207,1442639.625,1287494.625,1208210.375,1310282.375,1157512.375
20180208,1443336.626,1288191.751,1208907.501,1310979.501,1159918.032
20180209,1446261,1291116,1211831.875,1313903.75,1164148.918
20180212,1446977.875,1291832.875,1212548.625,1314620.625,1164593.721
20180213,1451458.375,1296313.375,1217029.188,1319101.188,1170443.046
20180214,1459136.875,1303991.813,1224707.625,1326779.625,1179909.83
20180215,1458746.125,1303601.125,1224317,1326389,1179199.75
20180216,1457864.375,1302719.375,1223435.125,1325507.125,1176601.005
20180220,1457485.249,1302340.249,1223056.124,1325128.124,1173813.121
20180221,1460252.375,1305107.375,1225823.25,1327895.25,1176591.614
20180222,1464590.623,1309445.561,1230161.373,1332233.373,1186339.478
20180223,1471341.625,1316196.625,1236912.438,1338984.438,1197634.999
20180226,1463341.313,1308196.313,1228912.125,1330984.125,1184711.663
20180227,1462867.375,1307722.5,1228438.25,1330510.25,1183836.375
20180228,1462867.375,1307722.5,1228438.25,1330510.25,1183836.375
20180301,1462610.875,1307465.875,1228181.75,1330253.625,1183676.678
20180302,1462534.5,1307389.5,1228105.375,1330177.375,1183480.25
20180305,1462838.5,1307693.5,1228409.25,1330481.25,1183766.814
20180306,1461358.996,1306213.996,1226929.746,1329001.746,1181839.915
20180307,1463310.25,1308165.25,1228881,1330953,1183300.942
20180308,1468904.756,1313759.756,1234475.568,1336547.568,1192739.043
20180309,1467070.875,1311925.875,1232641.688,1334713.688,1191036.4
20180312,1463188.379,1308043.379,1228759.191,1330831.129,1185940.708
20180313,1460107.488,1304962.488,1225678.301,1327750.238,1177944.523
20180314,1461494.07,1306349.07,1227064.883,1329136.82,1182429.843
20180315,1460858.379,1305713.441,1226429.191,1328501.191,1185950.532
20180316,1449050.813,1293905.813,1214621.656,1316693.625,1166715.514
20180319,1452032.438,1296887.438,1217603.25,1319675.219,1170303.399
20180320,1448907.75,1293762.75,1214478.563,1316550.531,1168427.217
20180321,1423546.309,1268401.34,1189117.137,1291189.09,1140209.581
20180322,1406783.828,1251638.844,1172354.641,1274426.609,1115650.433
20180323,1441315.559,1286170.574,1206886.371,1308958.34,1147263.008
20180326,1424471.984,1269326.992,1190116.443,1292114.766,1130565.443
20180327,1415353.43,1260208.442,1181634.565,1282996.211,1128279.195
20180328,1430597.414,1274678.459,1195229.893,1297708.864,1139519.319
20180329,1402269.548,1249365.241,1171454.698,1271927.63,1120035.665
20180402,1420629.707,1265632.178,1186708.057,1288440.536,1136335.401
20180403,1437119.191,1280256.873,1200385.409,1303204.645,1145869.842
20180405,1414351.074,1260205.091,1181361.144,1282715.066,1136550.546
20180406,1420494.578,1266448.995,1185329.671,1288905.775,1139747.534
20180409,1445186.906,1286650.685,1206712.178,1309464.319,1162659.932
20180410,1437550.947,1280468.9,1197697.516,1303161.268,1155419.317
20180411,1453382.259,1292830.848,1214035.275,1315788.503,1165944.035
20180412,1454045.222,1293235.325,1209493.818,1316169.218,1165415.497
20180413,1466893.924,1303300.901,1218437.701,1326458.025,1173971.73
20180416,1482090.882,1317597.895,1230921.529,1340904.431,1184828.448
20180417,1485399.512,1315967.4,1235739.142,1339424.194,1189730.138
20180418,1472651.692,1307958.03,1235083.427,1331302.322,1183420.665
20180419,1451476.527,1290420.052,1222689.138,1313520.982,1171511.3
20180420,1457460.414,1296841.97,1226365.589,1320033.86,1173153.827
20180423,1418791.131,1282263.176,1197381.23,1304751.597,1153927.913
20180424,1417372.03,1280980.875,1196183.875,1303446.875,1152774
20180425,1419071.826,1282997.67,1198318.494,1305463.545,1154790.67
20180426,1418880.88,1282768.125,1198124.75,1305234,1154561.125
20180427,1418882.39,1282768.125,1198124.75,1305234,1154561.125
20180430,1418882.64,1282768.125,1198124.75,1305234,1154561.125
20180501,1418882.01,1282768.125,1198124.75,1305234,1154561.125
20180502,1418881.49,1282768.125,1198124.75,1305234,1154561.125
20180503,1421277.495,1286082.184,1200606.968,1308548.059,1157875.184
20180504,1422547.841,1286411.642,1202195.731,1308877.579,1158204.642
20180507,1422187.386,1286261.717,1202049.205,1308727.654,1158054.779
20180508,1430671.974,1290251.114,1207565.541,1312717.052,1162044.177
20180509,1438536.563,1301434.363,1211095.131,1323900.301,1173227.414
20180510,1442206.667,1306800.974,1213595.099,1329201.381,1178493.646
20180511,1445117.924,1311557.415,1215963.589,1333881.654,1182871.183
20180514,1435318.684,1303401.146,1208714.445,1325509.264,1175762.143
20180515,1441640.678,1311222.641,1208166.038,1333395.604,1183311.895
20180516,1436603.43,1306454.658,1207397.328,1328438.725,1178980.1
20180517,1431239.02,1301716.02,1212121.266,1323640.478,1175123.173
20180518,1444632.764,1312529.8,1228745.072,1334558.432,1184900.751
20180521,1437316.291,1305181.652,1216283.085,1327020.897,1178336.403
20180522,1439546.834,1306664.22,1220784.314,1328737.948,1179849.442
20180523,1431682.983,1299586.074,1217397.872,1321712.684,1173864.862
20180524,1424479.446,1293510.593,1216667.386,1315724.688,1168964.313
20180525,1399842.422,1275118.718,1193243.175,1297091.674,1152544.008
20180529,1417744.764,1292487.582,1209058.928,1314537.194,1167820.786
20180530,1402538.293,1281874.845,1195076.6,1303746.871,1158228.43
20180531,1421765.068,1293980.935,1205014.1,1315943.524,1169017.725
20180601,1434418.966,1303527.129,1217162.773,1325648.477,1177806.464
20180604,1433532.872,1303560.722,1214678.171,1325691.981,1177831.094
20180605,1454848.495,1321047.689,1237088.998,1343447.803,1193478.729
20180606,1451439.037,1326873.179,1240468.791,1349828.658,1198728.089
20180607,1453972.565,1328799.474,1245348.559,1351624.867,1200410.161
20180608,1452978.11,1328121.31,1247565.1,1350726.856,1199861.061
20180611,1454439.349,1328045.148,1247117.956,1350720.834,1199878.212
20180612,1446794.531,1323413.24,1236465.708,1346003.151,1195690.333
20180613,1442203.373,1325552.73,1232888.294,1348189.198,1197803.309
20180614,1436383.08,1320717.73,1227135.777,1343213.158,1193819.688
20180615,1432056.449,1316074.832,1220943.413,1338551.764,1189717.696
20180618,1419192.576,1306343.334,1201034.898,1328569.612,1180709.423
20180619,1420766.196,1305900.173,1200584.412,1327967.135,1180623.268
20180620,1411084.622,1295639.855,1195148.8,1317489.631,1171433.837
20180621,1417617.538,1308770.607,1195939.667,1330923.869,1182996.51
20180622,1401529.148,1292107.093,1184469.233,1313738.776,1167736.221
20180625,1403256.32,1295477.627,1184133.956,1317307.19,1170874.337
20180626,1391707.001,1287772.55,1176730.73,1309304.688,1163577.8
20180627,1398800.975,1288039.925,1185086.663,1309546.237,1163259.505
20180628,1395628.629,1294449.548,1188056.06,1315966.715,1169390.096
20180629,1399705.439,1294265.472,1189765.643,1315893.26,1169599.577
20180702,1391421.622,1288777.351,1183500.283,1310220.43,1164373.337
20180705,1410971.797,1305909.068,1192880.045,1328145.625,1180375.895
20180706,1429739.763,1319118.976,1208192.362,1341175.242,1192019.5
20180709,1437369.174,1326397.387,1218135.559,1348209.171,1198245.997
20180710,1423369.639,1314567.753,1206342.245,1336035.727,1188179.245
20180711,1436553.686,1324937.594,1216830.136,1346251.11,1197678.582
20180712,1443087.788,1330118.583,1222189.841,1350991.949,1202439.806
20180713,1438070.752,1324333.387,1223474.673,1345208.801,1197438.829
20180716,1449950.365,1330296.918,1230661.681,1350134.023,1201153.217
20180717,1450682.479,1330917.425,1233251.497,1351267.808,1201604.163
20180718,1445397.722,1330544.933,1231448.992,1350455.318,1204121.019
20180719,1442424.293,1324787.425,1227436.602,1345327,1198335.345
20180720,1442339.206,1323826.76,1227158.472,1345306.382,1197115.784
20180723,1456798.237,1335490.371,1233575.454,1357680.945,1208259.79
20180724,1474557.235,1346345.643,1239643.941,1368710.268,1218005.524
20180725,1480158.311,1351072.145,1239558.772,1371314.692,1221518.246
20180726,1471539.22,1342165.957,1233458.245,1362245.985,1213257.38
20180727,1461575.608,1339311.487,1229106.049,1359298.437,1211448.186
20180730,1474726.335,1346073.891,1235727.098,1365652.588,1218194.463
20180731,1478922.002,1355475.08,1246478.08,1377037.836,1230712.051
20180801,1480413.48,1359054.96,1251569.001,1380713.487,1235758.268
20180802,1487723.928,1368082.549,1258469.634,1390342.851,1244432.609
20180803,1497773.752,1375821.252,1264507.412,1397666.317,1251642.619
20180806,1502079.45,1377220.991,1265632.848,1398429.708,1251827.282
20180807,1496712.543,1373579.665,1266640.038,1396542.948,1248799.27
20180808,1503683.368,1377084.3,1269633.258,1400839.89,1252291.775
20180809,1488016.911,1365581.861,1258836.004,1389283.61,1241989.568
20180810,1480978.961,1362151.746,1254847.27,1384672.393,1239568.947
20180813,1492304.306,1370444.895,1258153.654,1393733.788,1246876.143
20180814,1481689.375,1368287.966,1258545.842,1390224.177,1244962.145
20180815,1500098.528,1385494.986,1273752.064,1407557.384,1260519.449
20180816,1517387.484,1400428.82,1287273.505,1422477.164,1275027.796
20180817,1516327.055,1399497.797,1288083.751,1422718.272,1273484.532
20180820,1518187.412,1400230.038,1291911.828,1422710.98,1273701.331
20180821,1515483.568,1395900.497,1287990.928,1419424.707,1270337.953
20180822,1509340.323,1392336.518,1287496.632,1415617.514,1267172.53
20180823,1520230.419,1398911.956,1294104.1,1423232.294,1273206.578
20180824,1540035.859,1411492.41,1302597.286,1436546.136,1284626.551
20180827,1543417.524,1415518.303,1306466.336,1440605.421,1288745.988
20180828,1554863.594,1425390.985,1314174.241,1451913.046,1298650.047
20180829,1546890.454,1422217.551,1310434.197,1448510.308,1297133.202
20180830,1552365.192,1428573.267,1317525.805,1454978.378,1303418.371
20180831,1548651.613,1426257.796,1323099.169,1452900.097,1301691.112
20180904,1547691.031,1427332.696,1322571.051,1453703.848,1301767.121
20180905,1543158.529,1420970.519,1318655.377,1446387.348,1294433.479
20180906,1537964.641,1416561.155,1316096.495,1441793.813,1290211.213
20180907,1537005.778,1412646.565,1318426.07,1437540.843,1285162.916
20180910,1551004.332,1426052.262,1335062.341,1452701.453,1298260.218
20180911,1546793.733,1420769.41,1327782.355,1445413.053,1292195.882
20180912,1562077.812,1436632.71,1336209.235,1461272.768,1307711.405
20180913,1554197.932,1426084.95,1327973.039,1450396.149,1297882.093
20180914,1542246.137,1410862.068,1314550.686,1433039.749,1282819.188
20180917,1546862.572,1414454.514,1321605.528,1434941.972,1285325.418
20180918,1554118.116,1420083.587,1326237.583,1440429.681,1290193.783
20180919,1575596.916,1436511.194,1336615.477,1456862.252,1305035.325
20180920,1572014.31,1433265.657,1336489.46,1452916.914,1300859.246
20180921,1566906.371,1433756.465,1331180.981,1453066.067,1302815.206
20180924,1569143.186,1438639.176,1334025.644,1458285.821,1307672.192
20180925,1559507.881,1433123.959,1328808.519,1450723.671,1301271.306
20180926,1563659.256,1444208.478,1336675.739,1461453.597,1311662.674
20180927,1560923.901,1445537.978,1338811.633,1461456.537,1312799.554
20180928,1568604.437,1450927.128,1343760.311,1467818.598,1318094.289
20181001,1577271.279,1459459.116,1345622.389,1475745.586,1326039.688
20181003,1568008.217,1451703.163,1333400.052,1467666.229,1318770.232
20181004,1549072.631,1434929.25,1319068.322,1451123.982,1304080.687
20181005,1549635.888,1438916.611,1323269.797,1453735.17,1307248.831
20181008,1544446.247,1438665.916,1325815.714,1459887.709,1311656.101
20181009,1491634.911,1391970.557,1285141.606,1411029.341,1266445.138
20181010,1468746.823,1368813.296,1260528.767,1386934.468,1244728.371
20181011,1499497.613,1394515.667,1283468.746,1419235.765,1268074.597
20181012,1483945.375,1385214.848,1271576.071,1401956.964,1258606.792
20181015,1511415.685,1411505.996,1294300.267,1426113.893,1283141.173
20181016,1506995.439,1409842.871,1283542.959,1423903.219,1283590.186
20181017,1481360.104,1391401.998,1262644.535,1401024.858,1266270.89
20181018,1491376.369,1397654.567,1270023.598,1417556.338,1276405.924
20181019,1489885,1396257,1268753.625,1416138.75,1275129.5
20181022,1489885,1396257,1268753.625,1416138.75,1275129.5
20181023,1489885,1396257,1268753.625,1416138.75,1275129.5
20181024,1489885,1396257,1268753.625,1416138.75,1275129.5
20181025,1489885,1396257,1268753.625,1416138.75,1275129.5
20181026,1489885,1396257,1268753.625,1416138.75,1275129.5
20181029,1489885,1396257,1268753.625,1416138.75,1275129.5
20181030,1489885,1396257,1268753.625,1416138.75,1275129.5
20181031,1489885,1396257,1268753.625,1416138.75,1275129.5
20181101,1489885,1396257,1268753.625,1416138.75,1275129.5
20181102,1491687.514,1398296.354,1270527.829,1417611.475,1277147.318
20181105,1494798.311,1400962.482,1271757.649,1419089.326,1278718.403
20181106,1504428.812,1416358.324,1278043.598,1427974.774,1285222.806
20181107,1504172.629,1418041.732,1278269.372,1426828.803,1285522.345
20181108,1496546.962,1409490.59,1275659.936,1421028.194,1282053.716
20181109,1472386.522,1378538.442,1262582.419,1406902.801,1267216.762
20181112,1471501,1377159.875,1261898.875,1406417.375,1266516.375
20181113,1471501,1377159.875,1261898.875,1406417.375,1266516.375
20181114,1472755.785,1378591.761,1262426.865,1408039.255,1267355.5
20181115,1472554.875,1378338.75,1262321.625,1407854.875,1267228.625
20181116,1472554.875,1378338.75,1262321.625,1407854.875,1267228.625
20181119,1472554.875,1378338.75,1262321.625,1407854.875,1267228.625
20181120,1472554.875,1378338.75,1262321.625,1407854.875,1267228.625
20181121,1472554.875,1378338.75,1262321.625,1407854.875,1267228.625
20181123,1472554.875,1378338.75,1262321.625,1407854.875,1267228.625
20181126,1472554.875,1378338.75,1262321.625,1407854.875,1267228.625
20181127,1472554.875,1378338.75,1262321.625,1407854.875,1267228.625
20181128,1472554.875,1378338.75,1262321.625,1407854.875,1267228.625
20181129,1472554.875,1378338.75,1262321.625,1407854.875,1267228.625
20181130,1472554.875,1378338.75,1262321.625,1407854.875,1267228.625
20181203,1467589.453,1370892.693,1258854.435,1403778.484,1262456.754
20181204,1466248.938,1370596.856,1259323.364,1402396.008,1263483.2
20181206,1456036.322,1354806.899,1252310.252,1396562.702,1256082.884
20181207,1456273.288,1353714.262,1254273.056,1396734.934,1258425.131
20181210,1454987.439,1350419.781,1254370.475,1395485.088,1258917.88
20181211,1461271.777,1357933.645,1257192.88,1400147.593,1262162.215
20181212,1463628.532,1360225.741,1259366.133,1402036.278,1265284.834
20181213,1447892.065,1332379.822,1245523.343,1384424.325,1252449.12
20181214,1446863.125,1331047.5,1244636.5,1383618.875,1251584.375
20181217,1446597.468,1330534.193,1244371.577,1383955.223,1251361.212
20181218,1442980.645,1325157.253,1241767.049,1379069.135,1248537.652
20181219,1436479.107,1310434.778,1233599.003,1371642.179,1240632.102
20181220,1428052.27,1293611.197,1226265.878,1363405.792,1233333.148
20181221,1412423.441,1263477.572,1211614.895,1343743.383,1217471.711
20181224,1443215.352,1322576.095,1238874.872,1380502.001,1245173.724
20181226,1452006.62,1338250.904,1246425.246,1391291.581,1253086.636
20181227,1448126.575,1334143.027,1243822.08,1386353.608,1250193.737
20181228,1458617.935,1349159.485,1250907.674,1396419.945,1257429.743
20181231,1462861.828,1355997.597,1254513.48,1400309.503,1261807.064
20190102,1437459.815,1326281.091,1228794.902,1367633.999,1236017.775
20190104,1472379.309,1374078.949,1272288.04,1409910.182,1279541.484
20190107,1481422.94,1384262.866,1282318.618,1422116.496,1291143.876
20190108,1487432.957,1388218.869,1289602.946,1429601.612,1297720.811
20190109,1493692.342,1393707.993,1295539.709,1435526.529,1304073.505
20190110,1493279.216,1393275.705,1293577.907,1433401.93,1302592.95
20190111,1488536.326,1389599.416,1287126.568,1427875.339,1296399.145
20190114,1496603.999,1394328.649,1293226.151,1434393.416,1299344.565
20190115,1523476.342,1409684.549,1291820.42,1454188.758,1297899.111
20190116,1540936.439,1427091.412,1303516.112,1469481.346,1304095.32
20190117,1561767.534,1446085.099,1320624.452,1489906.239,1323698.681
20190118,1539503.903,1425351.585,1306968.597,1467747.644,1308157.154
20190122,1541028.293,1428459.696,1315147.192,1467971.762,1324216.713
20190123,1538095.443,1425784.197,1313255.19,1464056.827,1324686.79
20190124,1555145.116,1436061.485,1317412.454,1481334.679,1328859.44
20190125,1534967.383,1423617.911,1310605.675,1460176.292,1315160.01
20190128,1540963.435,1430123.684,1315273.546,1466224.135,1319345.109
20190129,1574633.879,1454581.007,1342395.167,1497639.67,1336366.099
20190130,1567808.821,1442741.402,1339384.113,1495335.585,1337081.983
20190131,1568795.536,1450277.906,1347218.603,1497117.274,1340496.119
20190201,1582567.124,1460873.238,1360033.674,1509156.192,1347266.363
20190204,1580984.625,1459412.375,1358673.625,1507647,1345919.125
20190205,1580984.625,1459412.375,1358673.625,1507647,1345919.125
20190206,1580984.625,1459412.375,1358673.625,1507647,1345919.125
20190207,1580984.625,1459412.375,1358673.625,1507647,1345919.125
20190208,1580248.495,1458619.827,1357795.436,1506961.497,1345873.875
20190211,1586329.576,1465627.376,1365182.513,1514037.729,1349276.888
20190212,1585937.875,1465187,1364727.5,1513603.75,1348997.625
20190213,1585937.875,1465187,1364727.5,1513603.75,1348997.625
20190214,1590458.877,1469016.627,1368792.032,1517574.436,1351725.96
20190215,1589691.195,1467949.853,1367864.851,1516566.742,1351797.064
20190219,1594487.315,1473041.792,1372388.598,1521213.405,1351292.143
20190220,1587932.603,1466755.765,1366597.447,1514926.434,1349142.384
20190221,1593922.13,1472767.454,1372692.693,1521356.014,1353796.956
20190222,1600256.778,1478718.297,1378966.252,1527697.571,1355380.095
20190225,1595840.023,1474545.926,1375270.938,1523388.994,1353695.056
20190226,1593169.342,1471609.481,1375136.263,1520685.322,1354212.872
20190227,1591576.25,1470137.875,1373761.125,1519164.625,1353098.875
20190228,1591576.25,1470137.875,1373761.125,1519164.625,1353098.875
20190301,1591576.25,1470137.875,1373761.125,1519164.625,1353098.875
20190304,1591576.25,1470137.875,1373761.125,1519164.625,1353098.875
20190305,1590124.809,1468537.26,1372281.936,1517641.029,1351766.582
20190306,1585900.504,1464373.756,1368286.909,1513446.814,1349918.628
20190307,1585808.482,1464183.069,1368131.557,1513286.689,1348731.715
20190308,1589599.476,1468345.599,1372553.795,1517164.521,1352879.368
20190311,1579502.967,1458140.129,1362165.328,1506949.993,1348350.554
20190312,1589262.322,1467892.111,1372710.978,1517355.679,1352485.27
20190313,1587407.851,1465798.719,1371452.694,1515501.777,1351672.635
20190314,1596349.317,1473987.635,1378638.568,1523451.385,1358672.265
20190315,1599069.842,1476518.301,1381996.928,1526893.536,1358571.481
20190318,1598665.75,1475822.073,1381381.846,1526509.477,1357738.681
20190319,1589802.09,1467737.764,1372873.235,1517263.113,1353672.332
20190320,1600700.067,1478093.637,1382749.861,1528359.605,1364709.79
20190321,1564314.896,1444923.721,1353035.964,1495668.124,1344944.548
20190322,1566620.788,1446759.473,1354211.754,1497241.771,1346964.564
20190325,1571784.168,1451984.637,1358951.627,1501764.884,1353904.828
20190326,1570580.292,1450623.813,1357859.899,1500749.601,1355345.42
20190327,1576620.357,1456423.206,1363201.557,1506477.298,1359352.016
20190328,1591603.59,1470078.377,1376021.984,1521268.941,1369840.348
20190329,1614963.223,1492130.02,1396211.896,1544162.388,1388757.234
20190401,1578809.092,1454302.346,1366609.676,1508009.374,1379810.726
20190402,1577230.375,1452848.125,1365243.125,1506501.375,1378431
20190403,1577230.375,1452848.125,1365243.125,1506501.375,1378431
20190405,1577250.624,1451056.017,1363404.128,1504977.271,1376695.089
20190408,1577064.5,1450808,1363146.25,1504709.5,1376443.875
20190409,1577064.5,1450808,1363146.25,1504709.5,1376443.875
20190410,1577064.5,1450808,1363146.25,1504709.5,1376443.875
20190411,1577064.5,1450808,1363146.25,1504709.5,1376443.875
20190412,1577064.5,1450808,1363146.25,1504709.5,1376443.875
20190415,1577064.5,1450808,1363146.25,1504709.5,1376443.875
20190416,1577064.5,1450808,1363146.25,1504709.5,1376443.875
20190417,1577064.5,1450808,1363146.25,1504709.5,1376443.875
20190418,1577064.5,1450808,1363146.25,1504709.5,1376443.875
20190422,1577064.5,1450808,1363146.25,1504709.5,1376443.875
20190423,1577064.5,1450808,1363146.25,1504709.5,1376443.875
20190424,1577064.5,1450808,1363146.25,1504709.5,1376443.875
20190425,1577064.5,1450808,1363146.25,1504709.5,1376443.875
20190426,1577064.5,1450808,1363146.25,1504709.5,1376443.875
20190429,1577064.5,1450808,1363146.25,1504709.5,1376443.875
20190430,1577064.5,1450808,1363146.25,1504709.5,1376443.875
20190501,1577064.5,1450808,1363146.25,1504709.5,1376443.875
20190502,1577064.5,1450808,1363146.25,1504709.5,1376443.875
20190503,1577064.5,1450808,1363146.25,1504709.5,1376443.875
20190506,1577064.5,1450808,1363146.25,1504709.5,1376443.875
20190507,1577064.5,1450808,1363146.25,1504709.5,1376443.875
20190508,1577064.5,1450808,1363146.25,1504709.5,1376443.875
20190509,1577064.5,1450808,1363146.25,1504709.5,1376443.875
20190510,1577064.5,1450808,1363146.25,1504709.5,1376443.875
20190513,1577064.5,1450808,1363146.25,1504709.5,1376443.875
20190514,1577064.5,1450808,1363146.25,1504709.5,1376443.875
20190515,1577064.5,1450808,1363146.25,1504709.5,1376443.875
20190516,1577064.5,1450808,1363146.25,1504709.5,1376443.875
20190517,1577064.5,1450808,1363146.25,1504709.5,1376443.875
20190520,1577064.5,1450808,1363146.25,1504709.5,1376443.875
20190521,1577064.5,1450808,1363146.25,1504709.5,1376443.875
20190522,1577064.5,1450808,1363146.25,1504709.5,1376443.875
20190523,1577064.5,1450808,1363146.25,1504709.5,1376443.875
20190524,1577064.5,1450808,1363146.25,1504709.5,1376443.875
20190528,1577064.5,1450808,1363146.25,1504709.5,1376443.875
20190529,1577064.5,1450808,1363146.25,1504709.5,1376443.875
20190530,1577064.5,1450808,1363146.25,1504709.5,1376443.875
20190531,1577064.5,1450808,1363146.25,1504709.5,1376443.875
20190603,1580314.255,1454560.642,1367456.376,1508491.876,1380477.794
20190604,1582166.752,1456673.54,1370002.131,1510848.111,1383291.54
20190605,1584917.17,1459896.082,1373969.12,1514632.953,1386879.585
20190606,1590294.676,1466019.258,1382074.986,1521097.766,1395016.272
20190607,1592139.233,1468117.773,1385013.994,1524558.643,1398153.647
20190610,1589725.532,1463685.246,1380658.188,1519329.353,1392556.079
20190611,1587536.717,1460666.095,1377639.644,1515931.163,1389319.513
20190612,1592706.518,1470973.795,1387100.405,1526733.246,1397751.494
20190613,1591269.95,1471108.313,1386941.787,1526728.88,1397608.151
20190614,1589332.851,1474975.521,1389382.074,1530900.962,1400885.381
20190617,1600371.351,1498825.739,1408902.491,1555206.352,1422559.439
20190618,1604254.451,1498946.045,1411211.874,1555426.686,1423623.207
20190619,1620017.893,1514419.226,1424386.524,1571697.733,1436709.052
20190620,1616300.038,1512582.582,1423245.091,1569601.21,1436700.319
20190621,1620679.294,1517393.332,1425888.982,1574020.874,1440272.894
20190624,1610565.366,1509970.033,1419964.295,1566158.035,1432911.023
20190625,1601204.517,1510334.553,1418203.632,1566636.74,1431974.443
20190626,1602387.311,1504483.367,1414334.632,1560033.066,1427414.098
20190627,1608074.938,1510688.285,1418602.269,1567006.763,1433286.203
20190628,1620328.643,1514266.258,1422588.101,1571630.495,1436315.981
20190701,1626107.154,1513958.365,1423221.957,1570711.616,1435202.027
20190702,1639136.008,1521497.691,1430686.224,1578508.023,1442092.524
20190703,1630569.059,1519055.308,1428478.915,1575197.288,1440381.649
20190708,1613912.244,1509276.207,1420236.781,1563690.109,1430983.712
20190709,1619507.395,1511199.951,1423563.218,1566542.269,1433888.172
20190710,1631059.389,1520165.316,1438730.247,1572853.561,1449116.533
20190711,1650529.403,1534954.924,1450185.3,1587901.927,1461977.132
20190712,1652057.26,1534451.72,1446573.126,1587843.925,1458214.607
20190715,1656514.028,1533697.981,1447633.777,1586606.78,1460183.779
20190716,1642934.003,1534823.08,1446728.489,1587153.605,1458985.206
20190717,1650603.296,1529957.685,1449972.765,1583864.375,1462254.553
20190718,1642710.093,1550020.403,1456817.765,1604804.417,1469804.891
20190719,1645891.351,1543354.907,1454706.716,1598653.209,1469271.146
20190722,1655829.979,1553908.188,1464843.302,1609655.179,1480297.881
20190723,1662496.744,1527177.214,1459715.439,1583322.915,1476997.571
20190724,1659635.665,1507290.253,1445885.413,1561803.749,1462431.651
20190725,1662569.745,1500897.922,1449826.618,1554809.847,1465037.98
20190726,1667655.372,1498577.535,1446089.413,1552063.805,1461952.17
20190729,1670005.742,1507204.254,1449962.024,1561612.76,1466311.622
20190730,1648096.874,1485669.513,1431032.219,1539606.31,1446976.979
20190731,1633836.729,1468346.454,1412243.281,1521994.804,1426054.695
20190801,1620208.214,1465483.025,1406828.04,1518959.423,1420313.645
20190802,1568376.148,1424622.316,1363664.553,1476290.272,1377173.675
20190805,1583984.298,1438287.423,1378095.637,1490804.536,1392945.972
20190806,1583404.99,1434431.795,1373221.028,1487382.005,1389960.806
20190807,1601380.936,1453226.979,1390282.033,1507145.335,1407860.586
20190808,1587629.581,1444336.113,1380563.391,1497751.008,1398464.96
20190809,1564014.434,1424067.915,1357112.26,1477337.076,1374944.164
20190812,1583072.868,1435867.41,1371456.063,1488707.163,1389753.242
20190813,1532156.023,1385954.048,1325393.051,1436510.529,1343065.296
20190814,1534815.314,1393961.4,1333420.17,1445132.231,1350358.26
20190815,1533280.625,1392567.5,1332086.75,1443687.125,1349007.875
20190816,1534876.615,1394507.873,1333770.192,1445627.498,1350776.153
20190819,1533664.935,1392252.186,1332901.904,1443371.748,1349846.325
20190820,1538970.298,1399348.436,1338397.496,1450467.998,1354842.454
20190821,1541070.569,1402947.254,1339912.359,1454066.879,1353859.402
20190822,1540365.25,1402074.75,1339239.625,1453194.375,1353280.875
20190823,1540365.25,1402074.75,1339239.625,1453194.375,1353280.875
20190826,1540365.25,1402074.75,1339239.625,1453194.375,1353280.875
20190827,1540365.25,1402074.75,1339239.625,1453194.375,1353280.875
20190828,1540365.25,1402074.75,1339239.625,1453194.375,1353280.875
20190829,1540365.25,1402074.75,1339239.625,1453194.375,1353280.875
20190830,1540365.25,1402074.75,1339239.625,1453194.375,1353280.875
20190903,1541744.113,1403533.751,1341214.647,1454653.376,1354691.212
20190904,1541545,1403315.125,1340958.125,1454434.625,1354480.75
20190905,1542119.876,1403849.126,1341350.255,1454968.626,1355015.438
20190906,1543543.533,1404158.314,1341954.235,1455277.877,1355961.813
20190909,1543114.125,1403712.25,1341489,1454831.875,1355592.875
20190910,1543114.125,1403712.25,1341489,1454831.875,1355592.875
20190911,1543114.125,1403712.25,1341489,1454831.875,1355592.875
20190912,1543114.125,1403712.25,1341489,1454831.875,1355592.875
20190913,1543114.125,1403712.25,1341489,1454831.875,1355592.875
20190916,1543239.824,1403928.125,1341569.509,1455047.625,1355641.338
20190917,1543270.964,1404415.439,1341777.95,1455535.064,1355799.061
20190918,1541473.255,1402529.438,1340367.779,1453649.063,1353761.76
20190919,1536782.275,1395795.031,1335937.071,1446914.625,1348549.819
20190920,1535571.933,1394985.25,1335789.489,1446104.844,1348326.11
20190923,1530830.046,1390038.551,1330862.506,1441158.148,1343350.524
20190924,1536164.423,1399451.699,1336242.665,1451007.466,1348062.57
20190925,1530750.531,1397389.761,1331488.311,1448857.417,1344178.057
20190926,1529424.5,1395992.375,1330156.875,1447408.625,1342873.75
20190927,1529424.5,1395992.375,1330156.875,1447408.625,1342873.75
20190930,1529424.5,1395992.375,1330156.875,1447408.625,1342873.75
20191001,1529424.5,1395992.375,1330156.875,1447408.625,1342873.75
20191002,1530575.985,1396803.626,1330674.916,1448219.876,1343916.248
20191004,1531754.735,1398839.933,1331947.324,1449764.606,1345280.889
20191007,1526061.283,1392739.551,1326673.885,1442693.747,1338921.72
20191008,1529006.337,1396199.361,1330150.876,1446774.397,1341989.41
20191009,1534482.394,1399292.469,1333634.09,1450140.15,1348785.735
20191010,1549024.076,1407435.765,1340834.68,1457793.813,1363552.307
20191011,1548094.033,1406232.122,1338875.639,1455836.553,1362695.064
20191014,1567516.958,1425586.001,1357317.248,1474767.162,1384597.159
20191015,1564565.507,1425367.226,1358168.695,1474332.923,1383657.006
20191016,1568728.537,1429381.529,1363506.276,1479118.88,1388732.722
20191017,1560392.023,1418469.274,1358515.941,1472569.955,1380891.1
20191018,1571274.955,1423813.702,1363697.468,1479508.607,1390490.014
20191021,1569703.75,1422390,1362336.125,1478046.875,1389099.5
20191022,1569703.75,1422390,1362336.125,1478046.875,1389099.5
20191023,1569703.75,1422390,1362336.125,1478046.875,1389099.5
20191024,1569703.75,1422390,1362336.125,1478046.875,1389099.5
20191025,1569703.75,1422390,1362336.125,1478046.875,1389099.5
20191028,1569703.75,1422390,1362336.125,1478046.875,1389099.5
20191029,1569703.75,1422390,1362336.125,1478046.875,1389099.5
20191030,1569703.75,1422390,1362336.125,1478046.875,1389099.5
20191031,1572230.827,1423553.42,1363052.182,1478814.705,1392486.331
20191101,1572062.625,1423360.875,1362901.5,1478617.5,1392266.875
20191104,1572062.625,1423360.875,1362901.5,1478617.5,1392266.875
20191105,1571671.07,1423748.409,1363184.733,1478647.29,1391847.678
20191106,1575355.525,1426377.172,1365743.444,1481301.639,1394465.773
20191107,1575438.732,1428960.764,1367365.383,1483288.623,1393142.875
20191108,1572838.404,1424853.395,1363516.686,1479204.121,1389109.276
20191111,1572846.438,1425555.911,1363950.948,1480341.875,1389958.789
20191112,1575408.341,1431635.68,1364720.866,1485989.027,1388334.094
20191113,1574460.571,1428086.234,1362142.856,1482587.992,1388075.097
20191114,1587120.415,1442711.446,1379273.914,1496278.207,1401314.607
20191115,1588678.463,1447598.257,1383133.784,1500695.421,1401178.741
20191118,1580796.341,1449248.186,1384857.772,1500825.86,1395756.018
20191119,1572538.995,1444157.882,1380829.896,1495488.007,1389009.05
20191120,1576508.363,1443506.936,1379921.77,1493362.243,1391159.283
20191121,1580809.511,1449206.219,1385203.436,1500131.409,1395163.564
20191122,1588416.527,1459983.708,1394597.987,1509976.012,1403655.51
20191125,1587980.664,1464446.891,1397617.576,1513570.384,1402941.032
20191126,1594462.075,1465580.527,1398346.712,1516810.779,1407913.473
20191127,1587867.298,1460609.313,1394355.71,1512137.812,1402950.039
20191129,1577833.974,1448613.804,1383137.996,1502063.742,1393328.617
20191202,1560102.218,1432994.391,1368892.078,1484918.447,1379167.655
20191203,1573890.982,1439569.859,1375352.516,1492465.579,1391559.6
20191204,1577380.624,1436103.052,1373545.154,1490461.436,1393979.946
20191205,1575803.375,1434667,1372171.625,1488971,1392586
20191206,1575295.611,1433562.47,1371102.845,1488068.001,1391104.568
20191209,1574999.474,1433733.984,1370991.741,1488031.749,1390876.598
20191210,1575181.866,1434119.776,1371590.622,1488452.271,1390776.396
20191211,1583877.953,1442540.38,1379766.542,1496139.429,1399468.531
20191212,1585207.555,1442635.904,1379567.309,1496381.303,1399945.524
20191213,1594366.97,1449677.572,1388485.084,1505444.671,1410845.321
20191216,1593136.5,1448504.875,1387305.25,1504224.25,1409671.25
20191217,1592728.532,1448180.733,1386774.963,1503694.851,1409269.471
20191218,1594692.917,1449539.987,1387694.177,1505102.575,1410658.792
20191219,1596909.641,1450716.34,1387946.095,1505835.219,1412344.9
20191220,1600052.979,1451606.325,1388580.166,1506398.854,1415232.235
20191223,1599424.415,1450674.126,1387632.551,1505597.882,1413777.953
20191224,1606132.647,1453817.65,1391765.867,1509087.13,1420003.445
20191226,1605513.168,1455648.901,1393930.314,1510770.635,1420119.561
20191227,1596837.778,1447787.133,1385839.351,1502306.449,1412212.015
20191230,1603170.379,1450319.268,1388682.918,1504965.578,1418232.893
20191231,1618708.414,1460156.032,1398847.926,1516041.563,1432509.616
20200102,1603804.93,1446421.13,1386270.802,1501792.633,1418319.48
20200106,1597493.041,1443777.178,1382234.042,1496229.427,1411226.197
20200107,1607515.305,1449128.584,1391725.716,1506055.279,1420604.581
20200108,1620900.53,1457812.879,1397091.903,1511873.172,1424649.938
20200109,1612650.721,1451229.556,1391298.215,1507061.18,1418609.561
20200110,1621133.474,1457250.423,1386240.025,1500139.917,1412330.014
20200113,1621336.282,1461984.961,1392521.159,1506060.27,1418091.938
20200114,1621886.858,1465808.005,1402094.826,1519008.636,1429972.519
20200115,1636260.994,1477936.605,1411288.292,1530633.92,1440104.132
20200116,1635783.007,1474611.296,1410533.628,1528233.632,1437056.609
20200117,1619386.13,1457816.07,1406707.671,1526348.956,1433971.588
20200121,1618109.105,1454433.565,1406160.191,1525810.26,1433088.783
20200122,1616491,1452979.125,1404754,1524284.5,1431655.75
20200123,1614624.747,1451076.89,1402334.635,1522017.499,1429200.374
20200124,1614314.125,1450848.625,1402165.25,1521866.625,1429026.25
20200127,1614314.125,1450848.625,1402165.25,1521866.625,1429026.25
20200128,1614314.125,1450848.625,1402165.25,1521866.625,1429026.25
20200129,1614314.125,1450848.625,1402165.25,1521866.625,1429026.25
20200130,1614314.125,1450848.625,1402165.25,1521866.625,1429026.25
20200131,1614314.125,1450848.625,1402165.25,1521866.625,1429026.25
20200203,1614314.125,1450848.625,1402165.25,1521866.625,1429026.25
20200204,1614314.125,1450848.625,1402165.25,1521866.625,1429026.25
20200205,1614314.125,1450848.625,1402165.25,1521866.625,1429026.25
20200206,1614314.125,1450848.625,1402165.25,1521866.625,1429026.25
20200207,1614314.125,1450848.625,1402165.25,1521866.625,1429026.25
20200210,1614314.125,1450848.625,1402165.25,1521866.625,1429026.25
20200211,1614314.125,1450848.625,1402165.25,1521866.625,1429026.25
20200212,1612796.874,1449460.905,1402013.297,1521686.954,1428780.734
20200213,1612646.877,1448692.345,1400798.474,1520446.373,1427704.634
20200214,1606118.813,1444028.447,1399259.976,1519226.766,1426582.727
20200218,1605170.75,1443552.875,1398743,1518739.5,1426102
20200219,1603452.622,1442643.699,1397508.151,1517503.67,1425310.327
20200220,1597173.933,1440751.88,1396504.937,1516578.089,1424528.563
20200221,1567063.681,1426140.177,1378514.137,1499160.053,1407587.302
20200224,1531092.873,1403529.454,1358162.722,1478876.994,1388136.174
20200225,1524568.98,1398877.913,1350637.213,1470869.754,1380404.887
20200226,1450649.999,1362761.739,1313500.199,1429959.922,1342359.402
20200227,1426856.954,1344089.757,1292123.267,1407837.145,1320787.575
20200228,1502512.886,1394435.984,1354969.82,1470248.004,1382770.885
20200302,1462569.147,1353421.99,1319671.986,1434098.535,1347913.783
20200303,1517337.112,1400925.053,1383473.478,1502551.202,1417591.472
20200304,1454828.87,1336089.196,1342191.65,1457830.449,1377443.724
20200305,1453374,1334753.125,1340849.5,1456372.625,1376066.25
20200306,1453374,1334753.125,1340849.5,1456372.625,1376066.25
20200309,1453374,1334753.125,1340849.5,1456372.625,1376066.25
20200310,1453374,1334753.125,1340849.5,1456372.625,1376066.25
20200311,1453374,1334753.125,1340849.5,1456372.625,1376066.25
20200312,1453374,1334753.125,1340849.5,1456372.625,1376066.25
20200313,1453374,1334753.125,1340849.5,1456372.625,1376066.25
20200316,1453374,1334753.125,1340849.5,1456372.625,1376066.25
20200317,1453374,1334753.125,1340849.5,1456372.625,1376066.25
20200318,1453374,1334753.125,1340849.5,1456372.625,1376066.25
20200319,1453374,1334753.125,1340849.5,1456372.625,1376066.25
20200320,1453374,1334753.125,1340849.5,1456372.625,1376066.25
20200323,1453374,1334753.125,1340849.5,1456372.625,1376066.25
20200324,1453374,1334753.125,1340849.5,1456372.625,1376066.25
20200325,1453374,1334753.125,1340849.5,1456372.625,1376066.25
20200326,1453374,1334753.125,1340849.5,1456372.625,1376066.25
20200327,1453374,1334753.125,1340849.5,1456372.625,1376066.25
20200330,1453374,1334753.125,1340849.5,1456372.625,1376066.25
20200331,1453374,1334753.125,1340849.5,1456372.625,1376066.25
20200401,1453374,1334753.125,1340849.5,1456372.625,1376066.25
20200402,1453374,1334753.125,1340849.5,1456372.625,1376066.25
20200406,1452102.626,1333481.751,1340817.321,1455619.426,1374794.876
20200407,1451973.375,1333352.5,1340677.75,1455486,1374665.625
20200408,1451973.375,1333352.5,1340677.75,1455486,1374665.625
20200409,1451973.375,1333352.5,1340677.75,1455486,1374665.625
20200413,1451973.375,1333352.5,1340677.75,1455486,1374665.625
20200414,1451973.375,1333352.5,1340677.75,1455486,1374665.625
20200415,1451973.375,1333352.5,1340677.75,1455486,1374665.625
20200416,1451973.375,1333352.5,1340677.75,1455486,1374665.625
20200417,1451973.375,1333352.5,1340677.75,1455486,1374665.625
20200420,1451973.375,1333352.5,1340677.75,1455486,1374665.625
20200421,1451973.375,1333352.5,1340677.75,1455486,1374665.625
20200422,1451973.375,1333352.5,1340677.75,1455486,1374665.625
20200423,1451973.375,1333352.5,1340677.75,1455486,1374665.625
20200424,1451973.375,1333352.5,1340677.75,1455486,1374665.625
20200427,1451973.375,1333352.5,1340677.75,1455486,1374665.625
20200428,1451973.375,1333352.5,1340677.75,1455486,1374665.625
20200429,1451973.375,1333352.5,1340677.75,1455486,1374665.625
20200430,1451973.375,1333352.5,1340677.75,1455486,1374665.625
20200501,1451973.375,1333352.5,1340677.75,1455486,1374665.625
20200504,1451973.375,1333352.5,1340677.75,1455486,1374665.625
20200505,1451973.375,1333352.5,1340677.75,1455486,1374665.625
20200506,1451973.375,1333352.5,1340677.75,1455486,1374665.625
20200507,1451973.375,1333352.5,1340677.75,1455486,1374665.625
20200508,1451973.375,1333352.5,1340677.75,1455486,1374665.625
20200511,1451973.375,1333352.5,1340677.75,1455486,1374665.625
20200512,1451973.375,1333352.5,1340677.75,1455486,1374665.625
20200513,1451973.375,1333352.5,1340677.75,1455486,1374665.625
20200514,1451973.375,1333352.5,1340677.75,1455486,1374665.625
20200515,1451973.375,1333352.5,1340677.75,1455486,1374665.625
20200518,1451973.375,1333352.5,1340677.75,1455486,1374665.625
20200519,1451973.375,1333352.5,1340677.75,1455486,1374665.625
20200520,1451973.375,1333352.5,1340677.75,1455486,1374665.625
20200521,1451679.75,1333058.875,1340971.999,1455766.459,1374372
20200522,1456431.379,1337810.504,1343321.837,1458050.948,1379123.629
20200526,1462912.441,1344291.566,1350164.27,1464122.972,1385604.691
20200527,1462577.316,1343956.441,1349462.754,1463309.092,1385269.566
20200528,1464319.75,1345698.875,1351520.284,1465255.315,1387012
20200529,1467360.313,1348739.469,1354963.317,1469014.549,1390052.594
20200601,1476643.371,1358022.496,1362320.501,1475913.413,1399335.621
20200602,1503976.063,1385355.203,1375135.264,1486820.217,1426668.328
20200603,1501566.328,1382945.451,1369080.512,1481429.607,1424258.578
20200604,1562087.368,1438438.301,1401222.387,1515915.152,1480531.302
20200605,1600923.77,1474186.723,1416674.517,1530827.496,1516814.388
20200608,1575662.965,1450917.504,1419483.8,1532933.742,1493307.224
20200609,1553352.957,1430035.942,1424588.563,1537032.879,1472692.224
20200610,1432275.368,1319007.25,1337785.596,1444547.064,1359194.724
20200611,1468613.368,1352322.074,1356334.935,1464394.437,1392823.513
20200612,1469836.168,1353364.539,1368104.477,1477986.616,1393856.193
20200615,1502093.368,1382897.777,1397141.062,1508671.682,1424395.193
20200616,1500591.25,1381514.875,1395744,1507163.125,1422970.875
20200617,1500591.25,1381514.875,1395744,1507163.125,1422970.875
20200618,1500591.25,1381514.875,1395744,1507163.125,1422970.875
20200619,1500591.25,1381514.875,1395744,1507163.125,1422970.875
20200622,1500591.25,1381514.875,1395744,1507163.125,1422970.875
20200623,1500591.25,1381514.875,1395744,1507163.125,1422970.875
20200624,1500591.25,1381514.875,1395744,1507163.125,1422970.875
20200625,1500591.25,1381514.875,1395744,1507163.125,1422970.875
20200626,1500591.25,1381514.875,1395744,1507163.125,1422970.875
20200629,1500591.25,1381514.875,1395744,1507163.125,1422970.875
20200630,1500591.25,1381514.875,1395744,1507163.125,1422970.875
20200701,1500591.25,1381514.875,1395744,1507163.125,1422970.875
20200702,1500591.25,1381514.875,1395744,1507163.125,1422970.875
