index,balance a2c,balance ppo,balance td3
20160104,999152.3176,999671.0413,999232.9263
20160105,995867.8728,996108.1001,994048.4102
20160106,989661.8145,990235.7263,983785.2568
20160107,986617.5879,987644.5203,979180.6523
20160108,989459.9387,987540.0148,982554.0625
20160111,994690.346,987971.843,985743.7852
20160112,978426.031,981185.5118,962448.8085
20160113,991960.9396,987677.149,973673.0957
20160114,968528.3599,978100.4895,951438.707
20160115,969785.7837,975771.0777,951043.9765
20160119,952234.2923,967660.9289,934385.3632
20160120,955529.3604,973024.4736,939280.2246
20160121,965873.0095,978780.9019,957366.374
20160122,949446.9976,970122.8181,943344.955
20160125,964337.7642,981048.7954,958825.5839
20160126,946435.605,969978.6514,950114.9082
20160127,949150.6696,971324.8834,956386.2363
20160128,970174.2101,982741.47,981572.3242
20160129,969204.0625,982146.75,980590.75
20160201,969204.0625,982146.75,980590.75
20160202,969204.0625,982146.75,980590.75
20160203,969204.0625,982146.75,980590.75
20160204,969204.0625,982146.75,980590.75
20160205,969204.0625,982146.75,980590.75
20160208,969204.0625,982146.75,980590.75
20160209,969204.0625,982146.75,980590.75
20160210,968231,980618.2427,978095.4063
20160211,971680.3398,982289.0941,984249.4512
20160212,971480.9375,982170.375,983951.1875
20160216,973099.689,983287.7079,986024.2534
20160217,971937.2983,982982.6795,985495.0439
20160218,970786.505,982354.9425,985171.0488
20160219,975390.0454,984522.4116,992694.1855
20160222,969896.3152,981907.0392,984059.2188
20160223,971242.2986,982982.3484,989714.1016
20160224,977462.8618,986676.9209,1003963.877
20160225,976866.665,986508.783,1000222.288
20160226,973043.2046,984818.9837,992700.7331
20160229,994319.1046,992216.6574,1013972.659
20160301,995524.5851,992049.2008,1014984.284
20160302,997949.0023,994866.5866,1017631.016
20160303,1001945.473,996303.8408,1021171.022
20160304,1006436.884,998026.234,1018938.743
20160307,1000786.055,994491.2375,1013626.835
20160308,1001373.799,996944.2025,1016257.555
20160309,1001723.747,996640.8645,1015120.405
20160310,1012659.646,1006939.528,1030059.026
20160311,1015450.406,1007044.116,1028644.917
20160314,1016350.382,1006225.824,1030347.481
20160315,1019462.843,1009497.388,1035492.688
20160316,1028579.296,1018380.249,1045461.089
20160317,1038081.361,1026808.11,1051213.208
20160318,1036684.943,1026249.245,1051228.665
20160321,1034349.557,1020829.762,1047653.899
20160322,1030382.734,1014716.464,1045047.926
20160323,1029308.644,1015815.811,1046739.051
20160324,1030552.359,1018716.281,1049200.573
20160328,1037806.33,1022099.826,1055462.3
20160329,1043545.123,1024295.426,1062119.622
20160330,1042236.023,1024876.219,1061571.96
20160331,1048366.09,1032759.323,1071718.218
20160401,1049131.263,1027314.856,1069674.344
20160405,1043199.903,1023192.632,1065503.886
20160406,1028952.05,1008449.148,1053518.355
20160407,1032115.185,1012922.103,1055485.164
20160408,1031363.828,1013611.986,1054472.798
20160411,1039714.004,1024883.138,1063191.22
20160412,1047599.604,1038381.812,1072015.216
20160413,1049632.7,1041020.277,1073020.295
20160414,1048286.699,1036554.619,1073841.339
20160415,1053404.537,1043878.122,1081181.647
20160418,1057677.971,1054646.196,1073371.739
20160419,1054284.835,1057232.743,1072753.546
20160420,1042392.743,1050074.314,1073535.068
20160421,1045199.841,1055478.92,1073130.023
20160422,1046518.805,1053228.946,1071738.076
20160425,1047922.374,1060132.594,1071269.756
20160426,1052835.96,1073065.831,1075945.438
20160427,1044058.175,1060881.947,1061488.186
20160428,1038221.543,1058576.891,1059732.21
20160429,1047939.568,1066073.312,1066766.741
20160502,1045300.979,1053699.023,1056121.512
20160503,1043273.071,1045378.447,1052443.883
20160504,1042394.898,1047566.768,1053309.262
20160505,1043896.133,1052140.074,1058569.24
20160506,1045542.727,1046842.155,1057473.284
20160509,1054796.698,1063650.63,1072208.691
20160510,1042296.077,1051328.674,1060834.902
20160511,1043982.392,1056310.065,1062033.051
20160512,1032572.993,1042374.974,1050386.751
20160513,1039827.785,1051854.397,1061803.477
20160516,1024444.482,1042319.313,1048847.852
20160517,1019309.621,1043000.149,1047919.978
20160518,1014752.294,1031087.133,1038745.219
20160519,1014946.48,1025211.619,1043188.658
20160520,1015783.111,1026480.552,1044009.812
20160523,1027572.208,1033193.455,1057842.433
20160524,1031107.165,1042706.063,1066406.545
20160525,1028705.36,1040577.049,1064398.2
20160526,1029129.668,1041438.23,1066879.844
20160527,1025039.428,1030496.321,1062236.399
20160531,1027034.274,1032518.523,1061735.153
20160601,1029399.986,1029093.015,1065679.674
20160602,1031393.004,1025789.159,1063110.121
20160603,1035178.262,1039896.103,1065503.278
20160606,1037250.84,1043369.07,1065912.824
20160607,1040231.151,1045293.305,1068099.466
20160608,1038879.03,1044407.284,1066440.79
20160609,1041757.281,1034112.111,1060355.068
20160610,1040056.196,1031989.665,1050240.305
20160613,1037708.994,1028271.919,1043930.696
20160614,1034368.549,1025143.983,1043032.742
20160615,1039433.138,1028684.813,1048209.293
20160616,1036570.699,1026368.021,1047049.274
20160617,1043335.724,1037891.544,1054824.774
20160620,1043594.458,1037622.561,1057711.665
20160621,1039342.681,1032731.148,1054747.113
20160622,1051216.372,1046519.314,1068232.072
20160623,1020879.865,1007254.04,1028591.689
20160624,1001941.548,989582.1013,1012037.327
20160627,1015229.929,1006650.683,1025128.932
20160628,1032047.984,1024383.57,1039781.247
20160629,1043443.394,1041203.357,1052951.172
20160630,1045246.192,1040109.016,1056134.802
20160705,1041082.415,1034700.219,1053923.349
20160706,1037994.369,1031977.66,1055392.833
20160707,1051215.093,1046411.165,1072901.387
20160708,1056077.322,1054971.728,1079706.681
20160711,1059082.764,1063515.317,1092308.239
20160712,1061188.398,1063605.898,1096129.075
20160713,1071808.029,1072978.369,1109332.975
20160714,1069909.263,1074039.347,1108123.534
20160715,1071926.411,1075975.846,1113126.048
20160718,1075631.349,1076523.592,1110463.266
20160719,1077806.118,1075582.828,1117077.413
20160720,1074484.457,1069471.145,1109906.137
20160721,1078398.998,1072113.207,1117181.558
20160722,1075371.776,1061060.647,1117268.189
20160725,1061372.828,1060748.014,1115510.523
20160726,1051928.084,1060146.099,1108414.39
20160727,1051183.725,1051185.693,1107697.803
20160728,1048317.16,1046310.423,1103421.751
20160729,1048973.298,1028541.571,1103472.425
20160801,1044706.049,1028076.092,1096207.037
20160802,1045086.231,1032806.693,1101203.902
20160803,1045306.953,1031672.264,1103075.118
20160804,1053238.183,1042227.323,1116200.576
20160805,1050480.634,1048771.986,1114570.586
20160808,1050362.93,1049833.625,1115112.245
20160809,1054546.432,1035368.249,1113622.857
20160810,1061764.518,1041818.808,1120884.758
20160811,1059943.826,1047760.72,1114255.477
20160812,1061515.803,1052573.251,1120305.627
20160815,1054251.47,1053142.98,1115233.872
20160816,1053858.719,1053697.461,1115986.167
20160817,1053080.198,1059783.808,1121097.634
20160818,1049728.732,1051810.428,1117700.044
20160819,1049631.163,1053193.789,1117122.452
20160822,1051715.33,1050464.335,1117936.131
20160823,1047217.022,1048699.901,1114288.05
20160824,1046309.261,1044014.493,1115623.31
20160825,1040766.728,1041076.634,1112337.215
20160826,1048833.574,1047516.62,1120156.956
20160829,1046210.224,1040777.62,1122182.92
20160830,1045571.886,1035517.709,1120594.989
20160831,1048029.116,1033959.301,1121640.854
20160901,1053930.442,1041164.905,1125174.886
20160902,1054270.942,1053747.297,1127314.361
20160906,1053607.498,1052151.181,1127612.591
20160907,1055011.685,1057356.972,1127854.846
20160908,1032533.631,1030228.21,1105063.872
20160909,1044232.879,1040020.182,1118943.938
20160912,1028648.369,1021148.421,1099831.351
20160913,1026137.768,1014884.044,1096360.788
20160914,1033076.028,1022443.227,1108024.859
20160915,1027069.095,1013600.941,1100226.462
20160916,1028002.64,1013091.969,1101967.616
20160919,1031887.397,1006607.351,1101902.906
20160920,1038613.32,1019652.876,1107503.479
20160921,1045247.779,1025205.282,1112651.413
20160922,1038611.893,1021496.678,1102918.868
20160923,1027081.269,1014956.241,1090447.112
20160926,1033326.473,1019747.812,1101908.173
20160927,1031973.324,1044573.046,1102795.12
20160928,1021860.185,1035715.441,1089218.051
20160929,1030257.541,1045103.733,1098783.012
20161003,1018820.567,1038756.753,1093446.772
20161004,1021776.698,1049890.183,1105526.899
20161005,1024963.508,1046176.454,1107347.398
20161006,1020822.763,1043472.506,1107589.9
20161007,1023333.234,1059456.049,1114055.366
20161010,1012867.409,1046920.234,1102357.199
20161011,1015340.665,1041099.27,1103518.483
20161012,1013421.426,1037131.521,1101019.192
20161013,1015057.383,1036999.154,1105752.353
20161014,1010029.717,1037067.459,1100163.654
20161017,1013817.523,1041690.261,1102570.655
20161018,1013050.398,1047190.846,1107684.651
20161019,1021333.235,1052218.921,1105575.79
20161020,1024631.562,1047589.86,1110679.085
20161021,1033796.857,1051993.093,1117168.628
20161024,1028743.621,1055719.355,1119095.67
20161025,1025790.413,1070847.232,1125927.497
20161026,1023623.74,1064679.072,1125490.159
20161027,1019033.185,1049942.456,1124676.98
20161028,1021955.61,1039812.005,1129282.257
20161031,1013614.825,1043099.726,1125410.375
20161101,1009447.095,1036665.251,1120000.335
20161102,1001393.644,1036014.436,1117722.625
20161103,996838.3122,1033949.932,1113741.961
20161104,1014736.417,1057775.001,1139497.385
20161107,1013377.489,1056016.734,1142963.875
20161108,1024849.927,1073370.08,1165069.417
20161109,1020595.394,1085936.815,1185269.105
20161110,1025165.888,1077140.463,1192673.601
20161111,1018860.612,1078614.655,1205049.378
20161114,1017841.813,1077536,1203844.375
20161115,1017841.813,1077536,1203844.375
20161116,1018249.018,1077907.494,1204085.686
20161117,1017215.336,1077287.346,1203782.689
20161118,1019637.137,1079074.469,1205987.688
20161121,1023216.284,1079381.894,1208723.908
20161122,1025334.521,1081761.429,1211511.406
20161123,1028184.599,1082320.33,1214872.314
20161125,1027631.272,1077948.801,1212995.84
20161128,1029544.882,1079160.689,1212432.361
20161129,1032515.496,1085807.105,1211559.67
20161130,1031483,1084858.5,1210348.125
20161201,1031483,1084858.5,1210348.125
20161202,1031483,1084858.5,1210348.125
20161205,1031561.635,1085188.127,1210650.628
20161206,1035213.32,1087881.421,1215697.689
20161207,1037443.263,1089538.234,1217452.059
20161208,1036945.063,1089252.375,1216917.375
20161209,1037140.912,1089055.644,1217016.875
20161212,1038845.729,1090681.376,1219519.125
20161213,1035757.093,1087778.554,1216641
20161214,1037785.837,1090788.14,1217860.844
20161215,1039217.957,1087767.796,1214760.281
20161216,1040168.04,1088400.022,1219578.313
20161219,1043779.385,1093558.752,1227317.836
20161220,1042737.878,1090983.217,1225416.078
20161221,1038901.852,1089751.87,1222419.336
20161222,1040247.749,1091197.567,1223054.291
20161223,1040907.114,1091539.275,1224312.812
20161227,1034159.461,1084916.507,1217726.046
20161228,1031639.289,1081370.835,1216734.709
20161229,1027769.486,1081003.238,1213150.673
20170103,1027753.061,1080996.384,1213150.679
20170104,1039652.295,1089016.459,1220623.876
20170105,1042978.355,1093373.879,1222967.48
20170106,1041014.665,1087922.965,1217720.155
20170109,1041131.815,1085142.119,1216791.138
20170110,1048495.27,1094306.505,1219095.924
20170111,1043946.363,1089432.595,1216342.508
20170112,1043508.641,1089622.984,1217749.031
20170113,1037302.777,1075023.44,1219410.406
20170117,1033427.637,1071600.726,1217646.594
20170118,1028382.05,1061244.437,1215421.906
20170119,1032090.09,1067368.877,1220440.453
20170120,1035127.898,1065191.599,1214888.664
20170123,1040082.672,1075586.546,1221061.255
20170124,1046334.398,1083983.878,1238235.731
20170125,1049009.943,1091259.856,1237137.13
20170126,1047031.409,1087855.219,1231815.286
20170127,1043072.938,1076160.17,1222626.684
20170130,1036602.297,1062889.629,1215309.559
20170131,1036363.465,1064327.9,1211349.27
20170201,1034469.309,1062406.012,1210773.833
20170202,1047358.341,1085105.63,1217351.622
20170203,1042787.348,1081474.847,1219404.473
20170206,1044521.443,1078773.427,1223667.364
20170207,1043717.358,1073684.597,1218544.598
20170208,1049628.016,1085076.801,1227379.434
20170209,1053509.481,1092466.197,1236351.786
20170210,1059030.739,1102512.578,1243224.715
20170213,1066317.954,1108934.215,1243292.786
20170214,1070609.349,1109829.817,1252618.02
20170215,1071476.661,1108322.358,1254793.473
20170216,1069928.746,1109701.912,1260892.637
20170217,1077591.141,1113219.531,1273616.723
20170221,1078471.688,1120943.917,1271478.536
20170222,1080273.635,1121915.822,1277100.442
20170223,1080611.788,1115404.378,1279177.684
20170224,1080522.528,1116507.674,1283274.848
20170227,1078437.93,1110607.375,1282958.911
20170228,1091325.853,1131075.694,1300155.169
20170301,1089713.273,1123999.079,1296130.067
20170302,1091262.424,1125552.748,1289983.067
20170303,1088556.437,1125076.609,1287161.809
20170306,1084728.987,1121480.455,1285760.278
20170307,1082678.042,1118761.028,1277599.364
20170308,1081618.914,1121672.839,1277340.333
20170309,1082996.348,1120334.37,1277031.833
20170310,1081774.458,1120330.824,1276908.965
20170313,1079914.635,1117530.187,1272472.075
20170314,1083715.699,1121673.955,1280021.489
20170315,1085998.849,1122094.92,1277310.669
20170316,1081395.646,1114575.654,1281999.419
20170317,1076328.457,1112861.245,1279324.028
20170320,1062585.501,1087902.274,1266740.512
20170321,1060752.666,1084579.96,1260787.598
20170322,1060866.002,1089802.269,1263332.497
20170323,1056817.561,1080305.276,1262041.215
20170324,1053303.457,1078142.316,1258532.098
20170327,1060101.853,1091390.287,1265826.036
20170328,1056922.024,1087680.618,1267009.2
20170329,1060645.657,1096289.545,1266904.301
20170330,1057845.989,1088451.335,1259524.403
20170331,1058246.001,1084236.04,1260055.872
20170404,1058245.994,1084211.217,1260055.882
20170405,1053806.501,1083356.839,1257748.653
20170406,1054855.026,1083224.749,1261728.223
20170407,1054812.841,1085074.476,1260320.163
20170410,1054966.339,1079192.918,1262299.938
20170411,1052163.69,1073372.463,1258633.541
20170412,1047303.688,1061351.165,1251363.692
20170413,1056732.729,1070439.672,1263719.36
20170417,1057594.313,1050368.724,1260138.329
20170418,1048299.885,1045530.251,1257388.504
20170419,1057257.015,1061068.009,1263542.038
20170420,1054441.779,1060779.614,1260558.714
20170421,1061229.619,1076435.374,1267476.07
20170424,1072588.23,1092247.579,1275046.976
20170425,1075274.145,1089012.374,1267275.896
20170426,1077630.455,1084848.346,1269407.349
20170427,1076371.959,1081624.642,1272713.883
20170428,1071514.123,1085272.868,1266838.716
20170501,1071504.621,1085496.592,1268842.837
20170502,1068609.342,1084562.217,1270015.752
20170503,1070442.147,1077600.153,1265933.65
20170504,1069023.366,1083847.168,1271253.842
20170505,1068320.245,1083753.848,1276571.933
20170508,1067552.752,1080198.472,1277575.642
20170509,1065525.045,1080227.199,1266579.422
20170510,1061044.258,1080107.18,1268372.951
20170511,1059966.762,1079215.971,1266666.672
20170512,1061705.702,1087051.214,1264367.402
20170515,1062036.197,1088906.076,1260643.119
20170516,1046442.855,1069192.993,1240496.764
20170517,1048887.213,1069950.05,1236446.847
20170518,1053830.003,1074744.315,1246349.276
20170519,1057050.564,1078697.148,1255327.01
20170522,1055186.018,1082080.538,1257511.381
20170523,1057097.319,1082689.904,1260251.255
20170524,1062305.972,1082601.075,1265114.706
20170525,1060189.078,1083515.743,1264585.266
20170526,1054871.483,1081270.972,1265034.91
20170530,1055058.414,1079437.3,1269341.35
20170531,1065172.765,1086504.206,1269491.478
20170601,1065788.882,1088538.508,1276232.517
20170602,1064046.441,1093788.121,1275969.427
20170605,1059185.942,1099648.554,1269570.185
20170606,1061972.764,1099528.677,1273600.926
20170607,1057869.344,1097789.398,1274630.239
20170608,1062430.79,1103883.193,1280305.21
20170609,1061053.386,1104454.358,1284443.152
20170612,1063936.206,1110533.588,1287816.353
20170613,1070665.403,1104184.511,1291546.199
20170614,1069208.003,1104147.872,1295095.056
20170615,1065488.853,1113873.888,1292792.31
20170616,1074061.488,1115443.345,1301511.525
20170619,1070353.022,1110679.503,1293952.006
20170620,1069219.363,1102477.34,1294326.894
20170621,1067917.397,1102059.3,1290172.529
20170622,1060710.796,1107616.524,1301798.887
20170623,1064677.973,1104871.976,1297878.064
20170626,1063995.254,1098313.699,1290408.026
20170627,1069630.558,1105086.702,1295350.993
20170628,1065807.705,1093885.943,1283886.135
20170629,1068049.034,1097702.298,1296053.563
20170630,1073599.079,1105582.262,1302491.988
20170705,1073599.074,1105565.309,1302491.992
20170706,1061169.393,1092935.98,1295001.383
20170707,1065032.172,1097616.398,1299707.199
20170710,1061127.592,1100938.479,1308054.694
20170711,1067086.025,1110079.656,1312390.435
20170712,1070070.99,1112766.365,1311802.068
20170713,1075132.51,1119255.414,1320437.165
20170714,1074880.916,1117983.779,1319725.199
20170717,1072474.047,1119954.493,1318110.327
20170718,1075822.111,1123052.918,1321998.33
20170719,1074988.883,1125566.768,1323005.951
20170720,1071512.959,1119085.354,1322128.995
20170721,1070240.431,1112612.564,1322350.882
20170724,1070633.319,1114023.171,1335757.353
20170725,1079436.667,1111728.489,1350375.926
20170726,1078357.25,1110616.75,1349025.625
20170727,1078357.25,1110616.75,1349025.625
20170728,1078357.25,1110616.75,1349025.625
20170731,1078357.25,1110616.75,1349025.625
20170801,1078636.741,1110575.994,1349453.125
20170802,1078594.907,1110203.167,1349103.128
20170803,1080616.317,1110651.65,1349705.188
20170804,1082663.804,1110583.469,1350091.063
20170807,1080160.919,1108356.236,1349414.75
20170808,1077902.653,1109393.211,1351384.625
20170809,1069055.098,1102642.707,1342822.131
20170810,1069408.794,1102146.537,1343036.836
20170811,1076262.57,1107158.328,1349699.533
20170814,1079600.833,1106451.039,1351623.469
20170815,1077945.548,1109546.674,1351506.18
20170816,1065146.717,1096074.082,1337143.91
20170817,1062992.516,1092204.051,1335644.113
20170818,1065179.122,1093796.103,1336814.847
20170821,1076773.939,1099828.79,1347541.05
20170822,1071518.223,1093458.147,1345621.562
20170823,1070073.393,1091580.998,1344285.832
20170824,1067643.037,1092257.36,1350633.992
20170825,1069014.918,1090520.687,1347149.773
20170828,1073891.505,1093709.788,1350831.433
20170829,1075101.493,1094432.565,1350921.183
20170830,1081202.525,1098664.383,1353022.422
20170831,1083322.231,1094882.027,1355701.605
20170901,1069950.941,1080986.389,1345858.105
20170905,1068881,1079905.5,1344512.25
20170906,1069023.548,1079622.103,1344226.873
20170907,1068863.125,1079436.5,1344120.75
20170908,1068863.125,1079436.5,1344120.75
20170911,1068863.125,1079436.5,1344120.75
20170912,1068863.125,1079436.5,1344120.75
20170913,1068863.125,1079436.5,1344120.75
20170914,1068863.125,1079436.5,1344120.75
20170915,1069562.467,1079496.844,1344121.625
20170918,1069509.425,1080039.739,1344437.374
20170919,1069300.022,1078933.879,1343711.003
20170920,1067222.724,1077507.714,1341274.807
20170921,1065413.906,1077284.362,1340637.186
20170922,1063056.813,1077399.495,1339743.619
20170925,1062549.796,1075887.728,1341421.25
20170926,1064409.29,1072411.242,1340049.594
20170927,1064939.328,1073107.869,1340284.092
20170928,1066104.569,1073912.279,1340056.563
20170929,1075469.653,1081191.264,1344602.047
20171003,1075379.068,1081001.632,1344494.105
20171004,1081383.017,1087853.471,1347005.382
20171005,1086673.42,1090018.826,1353659.011
20171006,1085779.058,1089194.429,1349919.234
20171009,1085008.805,1093471.659,1354384.247
20171010,1087703.294,1095434.545,1353838.257
20171011,1084423.316,1097610.344,1354352.531
20171012,1083841.006,1100595.958,1357277.972
20171013,1089087.458,1103847.122,1362265.63
20171016,1101820.927,1105082.918,1358569.449
20171017,1108818.108,1109750.074,1379082.187
20171018,1107937.618,1112279.304,1375298.698
20171019,1118913.487,1113570.585,1380506.08
20171020,1118325.701,1112674.901,1376780.772
20171023,1126188.606,1128625.949,1391489.645
20171024,1122615.883,1125486.316,1384906.521
20171025,1121493.25,1124360.875,1383521.625
20171026,1121946.492,1124087.814,1384469.749
20171027,1121716.25,1123957.75,1384279.75
20171030,1121716.25,1123957.75,1384279.75
20171031,1121835.894,1124151.328,1384381.499
20171101,1121638.375,1123950.125,1384191.875
20171102,1121638.375,1123950.125,1384191.875
20171103,1121591.758,1123694.254,1383808.876
20171106,1122593.258,1124325.759,1382952.002
20171107,1121884.379,1124138.794,1382950.563
20171108,1118894.648,1121104.469,1379408
20171109,1116650.61,1120318.812,1375638.313
20171110,1117361.91,1119520.342,1376781.313
20171113,1111157.773,1120875.095,1373596.098
20171114,1104971.365,1112968.659,1362716.899
20171115,1109954.636,1120093.4,1379992.549
20171116,1108844.75,1119045.75,1378612.5
20171117,1109052.159,1119576.152,1379023.625
20171120,1108822.125,1119394.125,1378834.125
20171121,1107965.089,1118787.179,1378336.249
20171122,1108097.301,1118856.577,1378491.75
20171124,1106561.049,1119783.978,1378658.067
20171127,1115305.19,1123497.796,1386535.254
20171128,1120297.146,1126648.775,1390587.406
20171129,1137078.978,1135096.239,1408501.75
20171130,1132777.593,1132725.299,1407010.049
20171201,1133974.656,1138736.354,1401542.362
20171204,1125646.919,1131803.766,1396459.112
20171205,1124250.941,1130916.173,1391730.18
20171206,1127963.118,1133858.065,1397687.387
20171207,1136915.62,1135912.017,1405396.167
20171208,1138622.459,1138964.623,1409957.936
20171211,1144737.769,1143771.958,1415225.419
20171212,1148705.385,1148208.855,1421395.901
20171213,1137983.951,1147371.774,1413871.682
20171214,1148598.633,1152442.284,1419832.268
20171215,1157089.304,1158851.668,1430074.698
20171218,1154729.655,1159845.381,1424838.253
20171219,1156407.993,1157327.74,1423033.385
20171220,1163680.321,1152066.697,1428639.592
20171221,1162518.346,1153246.041,1426240.94
20171222,1162536.906,1153352.566,1423561.45
20171226,1164705.354,1155694.294,1425899.501
20171227,1170296.185,1158208.867,1430808.87
20171228,1164063.343,1154789.202,1422098.124
20171229,1167313.436,1156113.966,1430038.323
20180103,1167313.439,1156089.19,1430038.338
20180104,1178944.261,1171593.094,1444358.092
20180105,1186436.613,1180876.82,1453377.576
20180108,1188754.673,1179154.729,1455091.41
20180109,1190841.638,1184415.862,1455966.023
20180110,1187617.75,1180290.125,1454239
20180111,1187617.75,1180290.125,1454239
20180112,1187617.75,1180290.125,1454239
20180116,1187617.75,1180290.125,1454239
20180117,1187617.75,1180290.125,1454239
20180118,1187617.75,1180290.125,1454239
20180119,1187617.75,1180290.125,1454239
20180122,1187617.75,1180290.125,1454239
20180123,1187617.75,1180290.125,1454239
20180124,1187617.75,1180290.125,1454239
20180125,1187617.75,1180290.125,1454239
20180126,1187617.75,1180290.125,1454239
20180129,1187617.75,1180290.125,1454239
20180130,1187617.75,1180290.125,1454239
20180131,1187617.75,1180290.125,1454239
20180201,1187617.75,1180290.125,1454239
20180202,1187617.75,1180290.125,1454239
20180205,1187617.75,1180290.125,1454239
20180206,1187467.019,1180133.567,1453770.874
20180207,1187314.75,1179915.125,1453695.25
20180208,1189632.568,1181648.248,1454392.251
20180209,1196502.718,1187509.734,1457316.625
20180212,1196636.494,1189240.771,1458033.5
20180213,1205476.179,1196216.435,1462514
20180214,1218039.912,1207265.419,1470192.375
20180215,1217184.25,1206522.625,1469801.75
20180216,1215106.602,1204594.205,1468920
20180220,1212970.71,1201962.419,1468540.874
20180221,1216590.944,1204425.519,1471308
20180222,1224641.631,1212396.486,1475646.123
20180223,1240070.547,1220611.159,1482397.25
20180226,1227627.871,1211160.26,1474396.938
20180227,1226568.25,1210433.25,1473923
20180228,1226568.25,1210433.25,1473923
20180301,1225801.409,1208787.65,1473666.5
20180302,1225597.375,1208592.375,1473590.125
20180305,1226127.328,1208805.379,1473894
20180306,1224497.73,1206626.998,1472414.621
20180307,1227463.159,1207842.005,1474365.75
20180308,1242770.274,1215901.053,1479960.381
20180309,1233390.63,1216078.186,1478126.5
20180312,1221424.343,1209501.931,1474244.004
20180313,1206261.474,1200275.229,1471163.113
20180314,1210839.77,1200755.347,1472549.633
20180315,1214584.574,1202705.505,1471914.004
20180316,1196286.412,1185728.05,1460106.438
20180319,1202503.767,1187788.248,1463088.063
20180320,1204431.213,1186241.844,1459963.375
20180321,1165049.077,1158570.775,1434601.934
20180322,1142807.99,1132686.001,1417839.453
20180323,1178868.654,1167263.558,1452371.152
20180326,1159903.549,1148937.383,1435527.594
20180327,1156201.025,1143494.357,1426409.039
20180328,1170236.182,1157689.591,1441653.023
20180329,1146336.308,1135226.556,1413325.16
20180402,1164245.947,1152127.451,1431685.285
20180403,1173336.495,1161649.831,1448161.144
20180405,1173336.504,1161608.075,1448161.17
20180406,1160334.006,1151949.665,1425379.08
20180409,1163239.759,1154288.729,1432236
20180410,1187785.688,1177892.056,1455060.999
20180411,1179084.173,1168460.139,1448060.042
20180412,1198471.192,1184449.208,1462136.037
20180413,1204772.501,1187527.259,1473911.885
20180416,1206757.982,1191543.796,1490074.556
20180417,1214514.315,1198589.635,1488407.498
20180418,1209892.766,1195365.671,1478771.698
20180419,1197439.21,1187145.648,1458794.69
20180420,1192682.315,1184744.494,1465912.545
20180423,1155952.582,1163917.162,1447906.065
20180424,1154796.625,1162753.25,1446458.125
20180425,1156785.175,1164514.271,1448474.92
20180426,1156601.625,1164317.5,1448245.375
20180427,1156601.625,1164317.5,1448245.375
20180430,1156601.625,1164317.5,1448245.375
20180501,1156601.625,1164317.5,1448245.375
20180502,1156601.625,1164317.5,1448245.375
20180503,1159101.246,1166480.358,1451559.309
20180504,1160350.896,1166882.261,1451888.829
20180507,1159995.922,1166289.902,1451738.967
20180508,1168488.687,1169847.733,1455728.364
20180509,1176574.596,1174249.669,1466911.613
20180510,1180151.355,1178724.375,1472917.41
20180511,1182975.985,1183656.868,1478375.739
20180514,1174632.61,1174175.075,1468713.703
20180515,1179903.244,1174023.276,1476784.776
20180516,1175328.396,1174078.91,1471649.157
20180517,1171319.07,1180465.698,1466388.825
20180518,1182702.319,1200311.511,1478984.493
20180521,1175923.716,1185404.048,1470553.072
20180522,1178183.091,1189978.425,1472428.725
20180523,1171562.633,1187934.238,1464606.565
20180524,1165129.666,1188133.885,1457780.528
20180525,1143723.823,1168816.784,1437308.321
20180529,1158376.092,1184650.743,1456966.24
20180530,1146204.207,1172521.329,1445152.184
20180531,1162556.796,1181975.551,1458517.479
20180601,1172926.475,1194290.091,1469084.533
20180604,1172869.378,1193476.83,1469089.276
20180605,1191434.597,1215055.873,1488678.076
20180606,1187964.114,1220442.366,1495458.682
20180607,1190435.266,1225837.174,1497561.492
20180608,1189232.111,1227890.327,1496934.731
20180611,1190301.266,1229108.807,1496773.61
20180612,1184081.591,1218310.426,1491415.065
20180613,1180478.771,1216046.336,1493892.709
20180614,1175459.514,1209803.496,1488429.805
20180615,1173728.961,1205837.866,1483620.063
20180618,1163771.257,1186772.444,1472444.057
20180619,1163966.698,1186755.619,1472163.694
20180620,1157096.294,1181494.554,1460624.832
20180621,1162220.499,1181475.123,1475321.602
20180622,1148868.014,1168247.16,1456378.733
20180625,1151665.065,1168658.521,1460455.041
20180626,1141564.828,1160224.701,1451792.098
20180627,1149878.115,1168051.375,1451572.821
20180628,1147058.273,1170651.387,1459311.274
20180629,1150426.337,1172459.692,1459211.448
20180702,1144072.856,1165988.802,1452911.104
20180705,1144072.848,1165985.302,1452911.109
20180706,1158925.491,1175052.46,1472029.908
20180709,1174317.25,1190566.063,1487371.987
20180710,1181467.268,1199311.353,1494618.641
20180711,1171312.347,1189031.728,1485573.233
20180712,1180360.785,1199946.661,1496272.036
20180713,1186023.155,1204781.929,1498324.425
20180716,1195523.912,1204038.77,1499490.236
20180717,1200244.196,1211657.451,1493843.172
20180718,1203714.68,1212861.752,1500967.025
20180719,1193231.514,1212332.212,1499738.005
20180720,1197912.949,1208711.306,1497347.346
20180723,1199143.083,1209677.117,1498137.309
20180724,1209887.853,1215893.727,1510513.52
20180725,1219070.57,1222515.304,1521892.591
20180726,1225506.477,1220913.431,1525421.93
20180727,1224615.253,1212788.1,1518683.518
20180730,1221790.789,1212786.203,1513113.243
20180731,1210606.181,1220177.994,1506610.302
20180801,1205844.329,1224634.303,1503705.161
20180802,1211276.053,1229964.959,1516483.172
20180803,1211386.58,1235638.656,1519372.445
20180806,1220382.139,1237904.943,1529165.347
20180807,1214656.758,1238765.7,1526628.109
20180808,1205566.382,1241989.335,1520805.956
20180809,1193504.54,1230673.045,1510785.391
20180810,1183981.039,1225459.651,1502933.371
20180813,1189892.114,1229026.49,1509920.526
20180814,1180863.729,1227699.48,1498875.652
20180815,1208614.423,1242546.752,1513290.773
20180816,1211670.807,1255434.929,1516370.867
20180817,1216004.158,1256295.596,1523337.38
20180820,1221621.1,1260715.138,1524654.597
20180821,1219643.338,1257189.663,1525945.202
20180822,1210751.299,1256788.905,1520794.296
20180823,1214449.868,1264079.041,1526954.816
20180824,1230147.222,1273829.555,1542970.346
20180827,1229465.746,1277440.457,1542791.72
20180828,1228704.06,1285032.458,1546410.604
20180829,1222381.543,1280093.951,1537823.786
20180830,1216643.009,1286938.627,1535038.215
20180831,1217711.572,1292589.236,1532742.785
20180904,1224579.763,1290989.221,1531705.749
20180905,1224272.952,1288697.405,1527775.886
20180906,1225359.629,1286059.599,1527883.594
20180907,1221305.267,1290356.484,1525205.367
20180910,1224910.737,1307318.314,1529436.744
20180911,1223474.348,1300535.857,1531262.625
20180912,1224680.978,1306945.696,1539411.007
20180913,1228699.342,1299507.031,1540419.375
20180914,1228931.382,1287360.851,1536948.461
20180917,1237755.308,1294750.665,1543248.602
20180918,1251083.696,1298951.388,1555575.957
20180919,1260940.918,1309191.246,1568819.984
20180920,1263406.209,1309873.387,1572897.024
20180921,1255436.104,1302528.022,1571807.586
20180924,1250854.433,1304520.301,1571329.002
20180925,1242985.738,1299067.489,1566196.026
20180926,1242509.909,1305073.98,1569443.347
20180927,1239062.486,1306322.039,1565830.489
20180928,1251983.124,1311368.017,1577060.174
20181001,1262742.696,1312445.51,1581709.242
20181003,1262738.54,1312445.216,1581709.256
20181004,1259953.696,1299907.765,1570503.563
20181005,1252518.901,1285196.248,1562327.01
20181008,1258384.524,1288780.158,1563328.109
20181009,1255587.09,1289385.856,1563930.625
20181010,1218999.081,1253066.555,1516478.011
20181011,1192375.512,1229196.234,1480785.348
20181012,1199006.707,1252986.04,1493614.229
20181015,1197639.395,1238825.58,1490467.947
20181016,1219691.97,1256977.578,1519022.878
20181017,1222763.736,1241859.175,1517301.995
20181018,1211363.052,1220843.001,1504537.864
20181019,1218925.241,1231493.909,1514471.714
20181022,1217706.375,1230262.375,1512958.775
20181023,1217706.375,1230262.375,1512958.435
20181024,1217706.375,1230262.375,1512957.695
20181025,1217706.375,1230262.375,1512956.055
20181026,1217706.375,1230262.375,1512964.035
20181029,1217706.375,1230262.375,1512958.695
20181030,1217706.375,1230262.375,1512959.565
20181031,1217706.375,1230262.375,1512954.075
20181101,1217706.375,1230262.375,1512954.385
20181102,1219571.874,1231491.462,1514990.09
20181105,1220798.91,1233143.594,1517656.148
20181106,1227212.587,1242550.028,1533046.991
20181107,1227541.668,1240641.292,1534729.56
20181108,1225048.493,1229594.405,1526179.383
20181109,1209844.108,1201491.401,1492922.077
20181112,1209131.375,1200601.125,1491428.28
20181113,1209131.375,1200601.125,1491428.26
20181114,1210203.854,1202954.591,1492859.806
20181115,1210061.625,1202719.125,1492606.805
20181116,1210061.625,1202719.125,1492607.335
20181119,1210061.625,1202719.125,1492608.525
20181120,1210061.625,1202719.125,1492609.215
20181121,1210061.625,1202719.125,1492609.085
20181123,1210061.625,1202719.125,1492608.685
20181126,1210061.625,1202719.125,1492607.905
20181127,1210061.625,1202719.125,1492607.615
20181128,1210061.625,1202719.125,1492607.805
20181129,1210061.625,1202719.125,1492606.115
20181130,1210061.625,1202719.125,1492607.305
20181203,1206813.789,1195109.47,1485161.258
20181204,1207289.488,1193209.177,1484865.181
20181206,1200517.629,1181981.329,1469076.324
20181207,1202524.057,1182887.529,1467983.107
20181210,1202887.663,1180451.529,1464687.762
20181211,1205789.006,1183970.982,1473007.352
20181212,1207931.763,1186185.004,1475287.953
20181213,1195018.348,1171866.483,1445867.763
20181214,1194213.75,1171122.125,1444425.73
20181217,1194179.902,1170513.259,1443912.828
20181218,1191275.311,1166587.663,1438536.555
20181219,1183256.532,1159770.17,1423814.861
20181220,1176007.061,1153712.254,1406991.259
20181221,1161181.668,1137785.226,1376861.259
20181224,1187185.861,1165068.209,1437703.66
20181226,1194648.16,1174291.148,1454540.68
20181227,1191687.243,1170835.87,1450364.915
20181228,1198974.463,1179015.451,1466726.791
20181231,1202674.541,1179535.771,1473391.556
20190102,1177066.665,1157602.023,1441007.524
20190104,1176966.409,1157320.821,1440960.203
20190107,1223200.298,1194655.235,1493689.271
20190108,1233235.291,1205187.439,1504443.348
20190109,1240042.39,1208505.133,1509995.05
20190110,1246945.362,1215785.036,1512667.039
20190111,1245217.732,1214908.701,1512659.749
20190114,1239131.385,1209328.3,1506896.75
20190115,1243588.471,1212194.69,1509596.926
20190116,1241385.634,1212470.432,1527456.172
20190117,1252262.785,1223168.345,1542049.958
20190118,1268877.646,1240486.148,1564564.927
20190122,1255397.637,1224446.914,1543301.5
20190123,1263799.495,1229843.979,1541846.943
20190124,1262008.082,1228593.099,1542107.384
20190125,1265821.025,1238769.333,1555321.431
20190128,1258661.355,1222234.008,1548301.667
20190129,1263418.396,1226949.832,1550554.423
20190130,1290643.337,1253002.731,1579876.495
20190131,1287298.354,1258870.922,1563052.109
20190201,1308073.422,1273082.376,1587520.131
20190204,1306765.375,1271809.375,1585933.185
20190205,1306765.375,1271809.375,1585932.705
20190206,1306765.375,1271809.375,1585933.485
20190207,1306765.375,1271809.375,1585932.915
20190208,1306028.311,1270978.465,1585731.664
20190211,1313479.74,1273390.096,1592479.192
20190212,1313006.25,1273138.875,1591993
20190213,1313006.25,1273138.875,1591993
20190214,1316754.989,1275147.856,1595855.377
20190215,1316089.055,1275805.872,1595436.776
20190219,1321052.208,1275199.723,1598694.248
20190220,1315111.165,1271941.177,1593754.32
20190221,1320364.514,1277077.446,1601647.688
20190222,1326119.245,1280495.547,1606637.625
20190225,1321973.75,1279012.537,1606746.067
20190226,1316674.44,1282003.354,1608404.93
20190227,1315357.75,1280995.625,1606796.5
20190228,1315357.75,1280995.625,1606796.5
20190301,1315357.75,1280995.625,1606796.5
20190304,1315357.75,1280995.625,1606796.5
20190305,1313811.082,1279871.987,1605545.135
20190306,1309850.406,1277167.372,1601950.646
20190307,1309759.78,1275502.399,1601606.863
20190308,1313874.969,1283044.179,1605698.166
20190311,1303590.855,1282269.374,1596547.305
20190312,1313741.72,1284765.8,1602327.32
20190313,1312986.194,1284307.581,1601636.795
20190314,1319219.728,1291323.544,1613906.635
20190315,1323099.926,1293669.809,1614394.653
20190318,1322391.098,1290745.628,1612541.057
20190319,1314034.315,1285673.029,1609462.967
20190320,1324477.652,1297553.163,1623801.303
20190321,1294813.124,1278511.521,1591333.368
20190322,1295393.931,1279040.093,1592436.545
20190325,1299758.648,1286574.783,1601923.987
20190326,1298126.882,1286837.802,1601152.745
20190327,1303459.997,1291281.388,1606144.809
20190328,1315417.374,1298952.528,1617692.67
20190329,1334175.358,1313282.167,1640680.756
20190401,1302670.407,1311453.969,1597842.391
20190402,1301367.75,1310142.5,1596244.5
20190403,1301367.75,1310142.5,1596244.5
20190405,1301367.759,1310142.541,1596244.552
20190408,1299628.521,1310151.267,1594389
20190409,1299379.125,1309955.75,1594186.125
20190410,1299379.125,1309955.75,1594186.125
20190411,1299379.125,1309955.75,1594186.125
20190412,1299379.125,1309955.75,1594186.125
20190415,1299379.125,1309955.75,1594186.125
20190416,1299379.125,1309955.75,1594186.125
20190417,1299379.125,1309955.75,1594186.125
20190418,1299379.125,1309955.75,1594186.125
20190422,1299379.125,1309955.75,1594186.125
20190423,1299379.125,1309955.75,1594186.125
20190424,1299379.125,1309955.75,1594186.125
20190425,1299379.125,1309955.75,1594186.125
20190426,1299379.125,1309955.75,1594186.125
20190429,1299379.125,1309955.75,1594186.125
20190430,1299379.125,1309955.75,1594186.125
20190501,1299379.125,1309955.75,1594186.125
20190502,1299379.125,1309955.75,1594186.125
20190503,1299379.125,1309955.75,1594186.125
20190506,1299379.125,1309955.75,1594186.125
20190507,1299379.125,1309955.75,1594186.125
20190508,1299379.125,1309955.75,1594186.125
20190509,1299379.125,1309955.75,1594186.125
20190510,1299379.125,1309955.75,1594186.125
20190513,1299379.125,1309955.75,1594186.125
20190514,1299379.125,1309955.75,1594186.125
20190515,1299379.125,1309955.75,1594186.125
20190516,1299379.125,1309955.75,1594186.125
20190517,1299379.125,1309955.75,1594186.125
20190520,1299379.125,1309955.75,1594186.125
20190521,1299379.125,1309955.75,1594186.125
20190522,1299379.125,1309955.75,1594186.125
20190523,1299379.125,1309955.75,1594186.125
20190524,1299379.125,1309955.75,1594186.125
20190528,1299379.125,1309955.75,1594186.125
20190529,1299379.125,1309955.75,1594186.125
20190530,1299379.125,1309955.75,1594186.125
20190531,1299379.125,1309955.75,1594186.125
20190603,1303635.123,1312491.674,1597623.75
20190604,1306589.042,1315245.699,1600201.753
20190605,1309631.542,1317344.912,1604900.254
20190606,1316661.792,1322773.52,1611113.184
20190607,1320391.063,1325871.868,1611172.496
20190610,1315309.049,1326081,1608091.764
20190611,1312066.259,1323277.42,1607954.541
20190612,1321245.709,1325830.491,1610450.3
20190613,1320974.371,1325780.686,1612243.749
20190614,1324478.94,1325322.453,1617380.117
20190617,1345411.831,1340865.578,1645141.706
20190618,1346102.376,1343042.932,1644422.222
20190619,1359406.703,1357471.034,1665008.374
20190620,1357967.322,1355133.443,1660274.515
20190621,1361681.986,1357301.544,1660426.355
20190624,1355004.336,1347727.522,1650822.691
20190625,1355105.383,1340345.441,1653382.995
20190626,1350558.852,1343038.869,1646772.152
20190627,1356269.571,1347333.663,1654153.581
20190628,1359741.864,1358163.349,1656020.734
20190701,1358904.093,1362602.644,1657413.359
20190702,1365470.554,1372015.73,1668500.242
20190703,1363643.673,1366090.085,1664468.202
20190708,1363596.447,1366002.786,1664468.202
20190709,1354697.083,1354629.16,1659986.607
20190710,1357171.25,1359291.349,1662369.179
20190711,1368139.548,1363673.119,1671392.475
20190712,1380389.881,1378180.935,1687801.676
20190715,1376934.859,1380393.994,1686305.31
20190716,1379560.419,1381414.369,1684232.317
20190717,1376565.482,1370606.627,1684203.096
20190718,1382400.675,1373837.262,1676704.561
20190719,1389396.31,1369363.648,1695064.843
20190722,1389663.065,1376517.798,1688362.849
20190723,1401644.512,1391920.305,1701335.998
20190724,1401416.534,1388449.098,1673036.424
20190725,1389009.159,1376092.392,1653845.871
20190726,1390817.126,1370465.205,1646948.412
20190729,1388153.692,1374960.92,1645467.728
20190730,1391315.804,1374422.335,1652830.72
20190731,1374096.027,1364998.104,1630751.743
20190801,1352408.469,1344208.072,1607928.366
20190802,1345747.85,1328639.762,1608797.377
20190805,1303409.174,1280579.884,1565357.529
20190806,1315795.391,1299341.856,1571610.649
20190807,1332879.556,1318593.91,1593973.198
20190808,1323247.846,1309170.069,1586782.142
20190809,1301359.888,1292504.327,1563674.141
20190812,1314658.592,1319969.519,1577476.633
20190813,1270372.739,1274439.746,1522570.154
20190814,1276992.709,1271872.721,1531990.917
20190815,1275715.75,1270600.875,1530459
20190816,1277550.899,1272658.523,1532399.373
20190819,1276009.038,1271895.802,1530143.623
20190820,1281267.406,1277043.828,1537239.873
20190821,1279231.785,1283096.863,1540838.754
20190822,1278595.5,1282511,1539966.25
20190823,1278595.5,1282511,1539966.25
20190826,1278595.5,1282511,1539966.25
20190827,1278595.5,1282511,1539966.25
20190828,1278595.5,1282511,1539966.25
20190829,1278595.5,1282511,1539966.25
20190830,1278595.5,1282511,1539966.25
20190903,1280005.251,1284006.734,1541425.251
20190904,1279801.375,1283830.125,1541206.5
20190905,1280374.641,1284341.999,1541740.501
20190906,1280839.376,1285382.82,1542049.752
20190909,1280450.25,1284997.25,1541603.75
20190910,1280450.25,1284997.25,1541603.75
20190911,1280450.25,1284997.25,1541603.75
20190912,1280450.25,1284997.25,1541603.75
20190913,1280450.25,1284997.25,1541603.75
20190916,1280488.471,1285126.23,1541819.5
20190917,1280489.104,1285445.121,1542306.877
20190918,1279021.392,1283401.269,1540420.938
20190919,1273576.325,1278847.47,1533686.5
20190920,1272707.061,1278353.965,1532876.719
20190923,1267691.494,1275657.794,1527930.016
20190924,1273651.654,1283879.664,1538172.333
20190925,1269309.373,1281295.381,1535428.114
20190926,1268040.125,1280215,1533892.625
20190927,1268040.125,1280215,1533892.625
20190930,1268040.125,1280215,1533892.625
20191001,1268040.125,1280215,1533892.625
20191002,1269079.721,1281291.581,1534704.001
20191004,1268862.564,1281065.601,1534484.254
20191007,1272041.8,1283214.694,1538167.373
20191008,1265959.53,1274220.793,1528138.621
20191009,1269648.281,1278284.584,1534490.566
20191010,1274342.449,1284416.367,1539924.02
20191011,1282984.99,1298726.411,1555647.953
20191014,1280810.035,1297120.987,1553444.351
20191015,1301404.589,1317188.312,1556388.449
20191016,1300984.369,1316480.704,1555896.445
20191017,1307929.874,1321379.812,1549015.609
20191018,1303554.974,1312783.948,1526958.402
20191021,1308264.65,1324690.466,1529852.554
20191022,1306956.5,1323365.75,1528322.75
20191023,1306956.5,1323365.75,1528322.75
20191024,1306956.5,1323365.75,1528322.75
20191025,1306956.5,1323365.75,1528322.75
20191028,1306956.5,1323365.75,1528322.75
20191029,1306956.5,1323365.75,1528322.75
20191030,1306956.5,1323365.75,1528322.75
20191031,1306956.5,1323365.75,1528322.75
20191101,1308075.038,1326010.975,1530389.249
20191104,1307871.75,1325838.375,1530131.5
20191105,1307847.636,1325143.498,1529922.377
20191106,1310724.175,1327287.279,1532938.307
20191107,1312725.771,1326539.418,1530570.568
20191108,1309345.228,1322669.216,1533321.533
20191111,1310303.952,1323422.218,1530854.711
20191112,1312605.007,1321630.985,1535173.903
20191113,1309807.98,1321381.088,1536195.275
20191114,1326708.011,1331811.738,1545498.097
20191115,1330641.348,1330501.121,1545982.939
20191118,1331633.512,1324533.2,1541801.585
20191119,1327346.493,1316579.906,1539415.349
20191120,1327840.549,1318369.668,1536125.892
20191121,1332238.092,1323062.039,1543295.345
20191122,1341822.123,1331856.927,1549587.962
20191125,1342455.901,1329309.738,1551979.216
20191126,1345972.816,1333567.107,1553416.724
20191127,1341355.285,1328676.242,1547814.013
20191129,1331374.303,1318494.907,1531737.864
20191202,1316858.904,1304360.564,1517815.185
20191203,1323896.635,1316522.38,1528036.388
20191204,1323853.347,1319753.126,1530638.767
20191205,1322529.5,1318433.375,1529108.125
20191206,1321644.479,1317946.7,1527569.877
20191209,1321643.427,1317694.532,1526721.941
20191210,1321891.189,1317866.798,1527652.246
20191211,1328268.68,1327305.931,1535908.162
20191212,1328569.852,1326809.102,1535176.938
20191213,1337376.31,1335431.826,1534365.851
20191216,1336204.5,1334340.75,1532831.5
20191217,1335451.737,1333554.088,1532070.875
20191218,1336685.586,1335199.861,1533906.691
20191219,1338527.169,1337431.721,1534083.434
20191220,1338612.583,1339035.197,1538260.098
20191223,1338047.648,1338158.117,1536091.594
20191224,1342777.463,1343466.855,1541590.088
20191226,1344715.414,1342673.206,1543209.389
20191227,1336523.682,1334224.473,1534834.439
20191230,1338916.281,1340740.847,1538854.478
20191231,1349192.083,1354352.365,1558616.627
20200102,1336436.888,1341755.701,1546932.58
20200106,1336067.365,1341734.157,1546932.586
20200107,1328629.135,1337179.907,1547633.942
20200108,1336239.476,1343372.379,1551924.134
20200109,1339515.108,1353106.837,1570188.676
20200110,1334248.677,1344307.437,1558595.083
20200113,1330678.457,1349594.265,1568170.704
20200114,1335344.054,1351641.307,1568518.074
20200115,1343835.53,1353167.003,1568000.946
20200116,1352870.135,1363981.713,1580522.861
20200117,1351429.328,1361323.143,1576822.624
20200121,1347922.45,1346866.627,1559107.221
20200122,1346468.953,1341568.804,1558002.656
20200123,1345122.5,1340227.25,1556444.625
20200124,1342671.48,1338408.954,1554578.372
20200127,1342497.5,1338141.125,1554267.75
20200128,1342497.5,1338141.125,1554267.75
20200129,1342497.5,1338141.125,1554267.75
20200130,1342497.5,1338141.125,1554267.75
20200131,1342497.5,1338141.125,1554267.75
20200203,1342497.5,1338141.125,1554267.75
20200204,1342497.5,1338141.125,1554267.75
20200205,1342497.5,1338141.125,1554267.75
20200206,1342497.5,1338141.125,1554267.75
20200207,1342497.5,1338141.125,1554267.75
20200210,1342497.5,1338141.125,1554267.75
20200211,1342497.5,1338141.125,1554267.75
20200212,1342273.193,1336431.904,1552750.499
20200213,1341004.572,1335692.541,1552600.502
20200214,1339222.714,1332171.25,1546072.438
20200218,1338697.75,1331710,1545124.375
20200219,1337921.063,1330594.25,1543406.247
20200220,1337390.688,1328007.916,1537127.558
20200221,1321023.176,1312529.584,1507017.306
20200224,1302344.562,1291540.936,1471046.529
20200225,1295085.134,1286549.016,1464522.626
20200226,1258033.39,1249677.597,1393659.793
20200227,1236882.567,1228333.576,1371228.668
20200228,1297797.536,1277337.104,1444412.235
20200302,1263556.59,1239740.544,1406245.309
20200303,1325876.273,1283791.981,1459862.192
20200304,1286888.3,1225192.275,1400681.758
20200305,1285601.375,1223967.125,1399281.125
20200306,1285601.375,1223967.125,1399281.125
20200309,1285601.375,1223967.125,1399281.125
20200310,1285601.375,1223967.125,1399281.125
20200311,1285601.375,1223967.125,1399281.125
20200312,1285601.375,1223967.125,1399281.125
20200313,1285601.375,1223967.125,1399281.125
20200316,1285601.375,1223967.125,1399281.125
20200317,1285601.375,1223967.125,1399281.125
20200318,1285601.375,1223967.125,1399281.125
20200319,1285601.375,1223967.125,1399281.125
20200320,1285601.375,1223967.125,1399281.125
20200323,1285601.375,1223967.125,1399281.125
20200324,1285601.375,1223967.125,1399281.125
20200325,1285601.375,1223967.125,1399281.125
20200326,1285601.375,1223967.125,1399281.125
20200327,1285601.375,1223967.125,1399281.125
20200330,1285601.375,1223967.125,1399281.125
20200331,1285601.375,1223967.125,1399281.125
20200401,1285601.375,1223967.125,1399281.125
20200402,1285601.375,1223967.125,1399281.125
20200406,1285601.408,1223967.095,1399281.076
20200407,1285080.046,1224123.17,1398009.751
20200408,1284946.75,1223960.375,1397880.5
20200409,1284946.75,1223960.375,1397880.5
20200413,1284946.75,1223960.375,1397880.5
20200414,1284946.75,1223960.375,1397880.5
20200415,1284946.75,1223960.375,1397880.5
20200416,1284946.75,1223960.375,1397880.5
20200417,1284946.75,1223960.375,1397880.5
20200420,1284946.75,1223960.375,1397880.5
20200421,1284946.75,1223960.375,1397880.5
20200422,1284946.75,1223960.375,1397880.5
20200423,1284946.75,1223960.375,1397880.5
20200424,1284946.75,1223960.375,1397880.5
20200427,1284946.75,1223960.375,1397880.5
20200428,1284946.75,1223960.375,1397880.5
20200429,1284946.75,1223960.375,1397880.5
20200430,1284946.75,1223960.375,1397880.5
20200501,1284946.75,1223960.375,1397880.5
20200504,1284946.75,1223960.375,1397880.5
20200505,1284946.75,1223960.375,1397880.5
20200506,1284946.75,1223960.375,1397880.5
20200507,1284946.75,1223960.375,1397880.5
20200508,1284946.75,1223960.375,1397880.5
20200511,1284946.75,1223960.375,1397880.5
20200512,1284946.75,1223960.375,1397880.5
20200513,1284946.75,1223960.375,1397880.5
20200514,1284946.75,1223960.375,1397880.5
20200515,1284946.75,1223960.375,1397880.5
20200518,1284946.75,1223960.375,1397880.5
20200519,1284946.75,1223960.375,1397880.5
20200520,1284946.75,1223960.375,1397880.5
20200521,1284994.966,1223997.769,1397586.875
20200522,1286867.098,1228930.82,1402338.379
20200526,1292658.021,1237589.209,1408819.504
20200527,1290760.872,1232115.912,1408484.379
20200528,1293233.657,1230689.217,1410226.875
20200529,1295495.926,1233430.19,1413267.438
20200601,1302032.202,1240859.573,1422550.465
20200602,1312179.844,1254810.699,1449883.141
20200603,1308542.793,1250457.135,1447473.398
20200604,1335616.281,1285064.895,1505587.789
20200605,1349544.633,1294200.078,1544078.929
20200608,1353187.016,1282529.178,1519232.906
20200609,1358715.659,1270767.476,1497441.164
20200610,1274721.808,1178186.925,1380527.675
20200611,1293064.312,1198766.61,1415944.701
20200612,1304464.65,1208840.336,1417071.428
20200615,1332929.591,1231741.66,1448382.482
20200616,1331596.625,1230509.875,1446934.125
20200617,1331596.625,1230509.875,1446934.125
20200618,1331596.625,1230509.875,1446934.125
20200619,1331596.625,1230509.875,1446934.125
20200622,1331596.625,1230509.875,1446934.125
20200623,1331596.625,1230509.875,1446934.125
20200624,1331596.625,1230509.875,1446934.125
20200625,1331596.625,1230509.875,1446934.125
20200626,1331596.625,1230509.875,1446934.125
20200629,1331596.625,1230509.875,1446934.125
20200630,1331596.625,1230509.875,1446934.125
20200701,1331596.625,1230509.875,1446934.125
20200702,1331596.625,1230509.875,1446934.125
