index,balance a2c,balance ppo,balance ddpg
20160104,1000085.074,1000023.274,1000096.073
20160105,997928.4603,997545.9851,996368.8374
20160106,992991.6246,993285.7021,988338.8408
20160107,990103.2949,990753.3798,984454.4063
20160108,991722.0925,991545.9045,983128.6553
20160111,993460.1409,993903.8501,986848.6797
20160112,984470.3369,984493.5264,973872.7891
20160113,990198.267,990455.146,989463.334
20160114,978117.0598,977812.8955,964954.7981
20160115,976851.4824,978490.3998,964556.4674
20160119,966202.7133,969669.453,949191.3013
20160120,970948.6777,973028.3317,960882.6177
20160121,979470.1915,980680.8428,977215.6353
20160122,973327.5195,973954.1362,963157.2759
20160125,983870.0237,984693.9319,987151.4185
20160126,977014.4575,968563.1104,981487.9732
20160127,982763.1647,972621.041,993199.9615
20160128,1002258.442,987766.7471,1011321.227
20160129,1000413.147,988430.9028,1009697.465
20160201,984825.3277,971954.9968,1001801.187
20160202,990211.8491,981283.8359,1020839.315
20160203,995507.5706,987690.4822,1024814.242
20160204,982000.0989,977316.9351,1009549.935
20160205,967334.1895,965471.1301,1011399.844
20160208,962814.469,963092.9374,1009939.778
20160209,954184.214,952053.896,1000484.489
20160210,941137.5204,933671.3177,991579.3926
20160211,966076.0592,948441.8961,1009475.022
20160212,980672.8676,962660.8513,1017874.611
20160216,996358.5978,982444.4908,1032610.376
20160217,1005368.135,983127.8364,1030172.253
20160218,1007343.834,977611.3118,1025670.712
20160219,1016742.307,991136.668,1037588.702
20160222,1002966.049,980319.425,1022692.551
20160223,1007329.34,981016.699,1027098.277
20160224,1021329.13,991261.4501,1037258.946
20160225,1015748.31,990189.7722,1033020.228
20160226,1005775.394,985651.3298,1026681.191
20160229,1031930.88,1005529.857,1048318.93
20160301,1037273.517,1006229.626,1049322.289
20160302,1041203.173,1008069.31,1049510.251
20160303,1041738.48,1011936.747,1053157.81
20160304,1046017.573,1019170.491,1059418.751
20160307,1036946.608,1011158.721,1050007.219
20160308,1041886.619,1016302.218,1058712.307
20160309,1040151.427,1013773.78,1060181.038
20160310,1055037.466,1026918.761,1071425.935
20160311,1055757.482,1031404.123,1071513.985
20160314,1057538.312,1032113.029,1072617.555
20160315,1063747.509,1039904.312,1075932.224
20160316,1074021.314,1055597.907,1083661.219
20160317,1081020.105,1061756.35,1090365.551
20160318,1083762.936,1065577.355,1085267.181
20160321,1080540.727,1062774.984,1082022.643
20160322,1069136.172,1053064.079,1079120.948
20160323,1075227.185,1054253.486,1080869.59
20160324,1076869.226,1052639.087,1083888.827
20160328,1082065.194,1055447.946,1085428.663
20160329,1084604.757,1052649.905,1091591.796
20160330,1091117.601,1045906.026,1087295.357
20160331,1098642.697,1047076.709,1090868.9
20160401,1092501.264,1043871.589,1086555.049
20160405,1000000,1000000,1000000
20160406,1084639.37,1045496.916,1088803.935
20160407,1069311.373,1034622.545,1083488.823
20160408,1074203.1,1040429.379,1086963.933
20160411,1074285.972,1039707.972,1084173.456
20160412,1083670.557,1051671.635,1095643.991
20160413,1097834.543,1064760.091,1104725.733
20160414,1100453.256,1064589.174,1104708.76
20160415,1098271.056,1064623.268,1104838.647
20160418,1105631.969,1074417.438,1112642.096
20160419,1093004.319,1080899.959,1118594.348
20160420,1102755.292,1072576.589,1111720.157
20160421,1106232.786,1071251.376,1109265.541
20160422,1102845.4,1066349.65,1112495.411
20160425,1101343.678,1065729.836,1111993.237
20160426,1105180.589,1074660.113,1122142.768
20160427,1113517.927,1089925.258,1126821.86
20160428,1096264.075,1076247.188,1116578.309
20160429,1091179.049,1075347.655,1108006.978
20160502,1096075.651,1077397.805,1111655.168
20160503,1083763.238,1065086.029,1102048.765
20160504,1076733.58,1057358.097,1094279.467
20160505,1080314.487,1061690.646,1089913.804
20160506,1083503.911,1069698.468,1096311.17
20160509,1079783.597,1064156.674,1090760.297
20160510,1096163.043,1082404.151,1105204.392
20160511,1085892.269,1070726.358,1093273.644
20160512,1086909.288,1079533.269,1097035.758
20160513,1074498.138,1065083.843,1083473.786
20160516,1084418.543,1077954.493,1096457.426
20160517,1073287.85,1066503.328,1087328.879
20160518,1079839.233,1062368.596,1079314.52
20160519,1066460.605,1053483.576,1072099.34
20160520,1071189.358,1052408.325,1074877.032
20160523,1070341.223,1050864.129,1079691.903
20160524,1083900.536,1057146.253,1091138.071
20160525,1099193.939,1066726.627,1096526.981
20160526,1095925.775,1066141.598,1093276.719
20160527,1099368.237,1068083.336,1095090.887
20160531,1097011.707,1054964.19,1084637.782
20160601,1095841.619,1056849.991,1084687.036
20160602,1096453.414,1056562.159,1089802.524
20160603,1087186.839,1054448.698,1093500.547
20160606,1092604.851,1076656.592,1106998.911
20160607,1092472.617,1080889.824,1106742.477
20160608,1094783.268,1085951.954,1112011.067
20160609,1090671.837,1083996.251,1112314.868
20160610,1082108.768,1072334.962,1105933.719
20160613,1075111.533,1064345.317,1095323.004
20160614,1067577.545,1060767.596,1086411.016
20160615,1064697.272,1058850.734,1084204.028
20160616,1067472.473,1061651.373,1086254.614
20160617,1067318.922,1061000.484,1089261.668
20160620,1077755.592,1074247.605,1098610.434
20160621,1082056.994,1073256.535,1099312.356
20160622,1077048.13,1072099.628,1095814.215
20160623,1095949.823,1085794.262,1106939.809
20160624,1043015.384,1038886.204,1062818.645
20160627,1023492.996,1014556.308,1036206.45
20160628,1039804.297,1029326.392,1038711.403
20160629,1061493.534,1052697.495,1060276.094
20160630,1077685.656,1071791.95,1074614.653
20160705,1077534.891,1070576.76,1074939.083
20160706,1079275.316,1038188.895,1081254.034
20160707,1073160.207,1058846.874,1062414.36
20160708,1072578.507,1056581.04,1063726.937
20160711,1088893.93,1074804.568,1081925.566
20160712,1095171.826,1085270.329,1088951.43
20160713,1110339.69,1086312.084,1099812.89
20160714,1113670.471,1083945.817,1101295.164
20160715,1126958.542,1091749.391,1109174.201
20160718,1124487.806,1095827.459,1108716.802
20160719,1124308.538,1099541.076,1108707.385
20160720,1123325.396,1102309.394,1109097.882
20160721,1126875.18,1104463.186,1114513.374
20160722,1121686.682,1097614.568,1106728.129
20160725,1127435.135,1100162.812,1109299.568
20160726,1122346.614,1091429.449,1109282.175
20160727,1114553.186,1096511.923,1107045.507
20160728,1108281.241,1098416.48,1100962.548
20160729,1105661.895,1083787.293,1098992.852
20160801,1103404.04,1081857.717,1099696.952
20160802,1097932.914,1068129.768,1099965.453
20160803,1094472.522,1064637.859,1095517.12
20160804,1097058.29,1067777.005,1095176.297
20160805,1098631.299,1065594.328,1095286.57
20160808,1107954.772,1069568.448,1105890.075
20160809,1105724.416,1075577.316,1105157.409
20160810,1106227.43,1077985.95,1104262.242
20160811,1103835.227,1066906.415,1101522.464
20160812,1113389.225,1071863.106,1112937.801
20160815,1110629.46,1076444.249,1109998.966
20160816,1112499.501,1083229.357,1112477.882
20160817,1107227.421,1084062.169,1105773.668
20160818,1106410.509,1083905.744,1108234.484
20160819,1112261.453,1088824.278,1109149.273
20160822,1106063.088,1081112.136,1113761.816
20160823,1103731.581,1084513.194,1110356.385
20160824,1105443.968,1079520.118,1115899.479
20160825,1104019.307,1077068.722,1116530.864
20160826,1102380.053,1072961.246,1113365.322
20160829,1098146.258,1068795.097,1111811.594
20160830,1105043.301,1074664.788,1116172.248
20160831,1101387.851,1064013.405,1112927.519
20160901,1096761.245,1055943.187,1110626.799
20160902,1099122.551,1056863.936,1114339.746
20160906,1101803.745,1065476.605,1115571.058
20160907,1107156.093,1079274.063,1115120.445
20160908,1108982.685,1076433.821,1114401.484
20160909,1105527.228,1081002.661,1107110.199
20160912,1082794.148,1049698.114,1085493.523
20160913,1096597.65,1059883.964,1100011.097
20160914,1078452.209,1042929.642,1085050.003
20160915,1073242.188,1034883.959,1082377.948
20160916,1083074.511,1038467.367,1092032.605
20160919,1074975.064,1028527.155,1088245.562
20160920,1077220.117,1030760.931,1087454.67
20160921,1076530.584,1025170.064,1089088.046
20160922,1083094.14,1041196.575,1098540.452
20160923,1088282.945,1047930.129,1102917.462
20160926,1081051.318,1046597.451,1093135.732
20160927,1074152.503,1039017.28,1079950.136
20160928,1083719.853,1043357.617,1091742.391
20160929,1092207.486,1067295.86,1085278.333
20161003,1083902.628,1059426.572,1069935.709
20161004,1093936.942,1067255.579,1078423.272
20161005,1068040.506,1053735.255,1062337.188
20161006,1080591.281,1063138.487,1068893.597
20161007,1086102.652,1077167.996,1075135.195
20161010,1086530.375,1076367.237,1073982.654
20161011,1084265.476,1072173.074,1076320.707
20161012,1091362.902,1089691.464,1079076.134
20161013,1079577.013,1076673.06,1067860.772
20161014,1077455.62,1070908.784,1071391.744
20161017,1072161.541,1068464.824,1067163.646
20161018,1073965.357,1069028.529,1069336.222
20161019,1071569.35,1070700.123,1062922.795
20161020,1073877.221,1074872.833,1070700.841
20161021,1072849.98,1080723.358,1067477.562
20161024,1071389.202,1080543.31,1071009.604
20161025,1071113.471,1076866.666,1075977.038
20161026,1073269.912,1085832.052,1080809.537
20161027,1076316.925,1090698.433,1076264.068
20161028,1079629.158,1113842.289,1078612.099
20161031,1076978.707,1105379.143,1077455.448
20161101,1081166.229,1092726.833,1075028.103
20161102,1084020.042,1083698.473,1077407.908
20161103,1083193.921,1084463.331,1071851.473
20161104,1076641.472,1077354.625,1068829.891
20161107,1076173.161,1075690.373,1062512.364
20161108,1070755.704,1073120.941,1057264.489
20161109,1092714.967,1097575.928,1082162.255
20161110,1095006.324,1095053.786,1085559.97
20161111,1100267.989,1111092.169,1105267.409
20161114,1107405.281,1121627.293,1111529.269
20161115,1108701.001,1116371.073,1117033.743
20161116,1106974.133,1114862.557,1134736.557
20161117,1116574.355,1119961.001,1143417.554
20161118,1114023.281,1110890.921,1134567.997
20161121,1113519.13,1105888.778,1142500.854
20161122,1112381.813,1106702.324,1141048.439
20161123,1121885.411,1115804.931,1146416.786
20161125,1125128.547,1120271.761,1148533.164
20161128,1127342.75,1122551.992,1148917.395
20161129,1131732.331,1126577.588,1152554.031
20161130,1131926.856,1121299.546,1155187.993
20161201,1129944.902,1121185.876,1151730.424
20161202,1131483.84,1122262.787,1152727.592
20161205,1132672.187,1123370.827,1158289.298
20161206,1132471.172,1123947.641,1157148.642
20161207,1133755.863,1126479.99,1171077.214
20161208,1134397.623,1126622.41,1175938.405
20161209,1153647.162,1137545.808,1191711.944
20161212,1155780.338,1138181.966,1199901.928
20161213,1166335.912,1149257.184,1212517.406
20161214,1168358.905,1164303.165,1206111.658
20161215,1176479.344,1173551.42,1213569.05
20161216,1168801.748,1157492.754,1207575.328
20161219,1172321.519,1158825.482,1215551.631
20161220,1174673.25,1161367.559,1211174.721
20161221,1174871.899,1164938.63,1212877.563
20161222,1178303.094,1164824.809,1220273.517
20161223,1176243.098,1163822.607,1216466.276
20161227,1176680.403,1166143.421,1213347.356
20161228,1176784.282,1166401.56,1213748.242
20161229,1177158.48,1167027.808,1214922.063
20170103,1170396.283,1159773.135,1207008.042
20170104,1171527.81,1160918.357,1206487.247
20170105,1167386.457,1156374.548,1201449.798
20170106,1087920.3,1068474.639,1075635.428
20170109,1181339.156,1160364.457,1203926.225
20170110,1179234.692,1156577.695,1203528.329
20170111,1179655.919,1159255.057,1207126.414
20170112,1171375.242,1149944.08,1202722.684
20170113,1165587.817,1144879.295,1200384.076
20170117,1173413.28,1148305.17,1209719.566
20170118,1172556.088,1144519.913,1206846.306
20170119,1170513.122,1143098.294,1205408.46
20170120,1170668.212,1146878.741,1205433.623
20170123,1165786.971,1142645.988,1206852.435
20170124,1163412.109,1134476.184,1200574.787
20170125,1169921.934,1140968.216,1199752.094
20170126,1169838.292,1136118.235,1198216.396
20170127,1179814.717,1139654.465,1207874.502
20170130,1187136.868,1142437.91,1218119.797
20170131,1185912.049,1141160.151,1215519.498
20170201,1182575.118,1143889.621,1216704.096
20170202,1175530.779,1136876.603,1211588.587
20170203,1173682.704,1132357.906,1208044.058
20170206,1170516.079,1123582.824,1207531.145
20170207,1169976.934,1125419.752,1207576.434
20170208,1176914.92,1130477.346,1217543.001
20170209,1176950.117,1131297.741,1217579.065
20170210,1182764.234,1131588.262,1222858.324
20170213,1180406.33,1122918.232,1222537.145
20170214,1182122.965,1126278.481,1219925.179
20170215,1185622.263,1133754.306,1219005.179
20170216,1192056.922,1142867.491,1224663.699
20170217,1196876.254,1142083.032,1230046.913
20170221,1200979.915,1146516.19,1234056.329
20170222,1206934.453,1145920.348,1245902.863
20170223,1197607.658,1146357.536,1246693.671
20170224,1205188.458,1149785.661,1253679.078
20170227,1209459.26,1146085.209,1256530.502
20170228,1215045.308,1149915.008,1259547.974
20170301,1218592.951,1148279.194,1261870.543
20170302,1218439.336,1152361.05,1259122.704
20170303,1216914.278,1150069.44,1258389.784
20170306,1229575.3,1168267.599,1273886.424
20170307,1226487.92,1161105.157,1271155.757
20170308,1225504.441,1158222.781,1271110.325
20170309,1224451.261,1157172.826,1264918.474
20170310,1222622.141,1156502.808,1262439.083
20170313,1218386.932,1147290.666,1258678.634
20170314,1217419.612,1150310.117,1261579.368
20170315,1224427.007,1152357.248,1265519.788
20170316,1220402.009,1150770.327,1262442.842
20170317,1216316.713,1145772.438,1260633.499
20170320,1225717.397,1156462.677,1266642.835
20170321,1225142.206,1154273.123,1266473.974
20170322,1220442.198,1155388.862,1262550.908
20170323,1215853.931,1156205.064,1259262.838
20170324,1209710.248,1147227.396,1245885.437
20170327,1204020.297,1148694.683,1245654.756
20170328,1199812.105,1148129.819,1243753.405
20170329,1198729.044,1145130.781,1241866.076
20170330,1200207.016,1145818.629,1246770.005
20170331,1205511.556,1153120.241,1255982.802
20170404,1200955.461,1151846.744,1254020.264
20170405,1203708.646,1160646.422,1256593.601
20170406,1199738.928,1152064.804,1249706.216
20170407,1202411.508,1150533.137,1247983.897
20170410,1176542.746,1164970.041,1205586.784
20170411,1197471.535,1154013.579,1241295.341
20170412,1198742.961,1156478.761,1244510.872
20170413,1201016.237,1155868.519,1243805.751
20170417,1199721.916,1157182.17,1244608.804
20170418,1199720.935,1156075.998,1242198.096
20170419,1200822.316,1152629.67,1241575.544
20170420,1195982.065,1143263.955,1233489.221
20170421,1206278.779,1150872.379,1245129.732
20170424,1206631.924,1148184.185,1246510.77
20170425,1202639.797,1140181.395,1242717.623
20170426,1210738.851,1148057.04,1252606.293
20170427,1208358.757,1148791.975,1248300.407
20170428,1215148.215,1162690.555,1261858.696
20170501,1227681.583,1174752.836,1275569.683
20170502,1228420.497,1174225.731,1277060.414
20170503,1226482.06,1174105.076,1268022.513
20170504,1227951.299,1174629.38,1264231.852
20170505,1227637.297,1176916.857,1264930.868
20170508,1226409.625,1175740,1263665.605
20170509,1225962.884,1175695.739,1263309.33
20170510,1225705.18,1175601.96,1262863.779
20170511,1227189.83,1176295.984,1264767.879
20170512,1226314.016,1176377.582,1263948.092
20170515,1226028.5,1176200.25,1263506
20170516,1226028.5,1176200.25,1263506
20170517,1226028.5,1176200.25,1263506
20170518,1226122.753,1175863.251,1263312.051
20170519,1226001.375,1175758.5,1263195.625
20170522,1226001.375,1175758.5,1263195.625
20170523,1226001.375,1175758.5,1263195.625
20170524,1226001.375,1175758.5,1263195.625
20170525,1226001.375,1175758.5,1263195.625
20170526,1226001.375,1175758.5,1263195.625
20170530,1225828.399,1175942.894,1263296.131
20170531,1226239.387,1176131.855,1264322.161
20170601,1226117,1175996.375,1264098.5
20170602,1226204.064,1175873.004,1264123.12
20170605,1226214.833,1175263.748,1263800.914
20170606,1227774.433,1174582.029,1265026.896
20170607,1229062.463,1176511.192,1269275.284
20170608,1230098.905,1176790.82,1270553.702
20170609,1229602.987,1176208.609,1270644.703
20170612,1227948.13,1174870.41,1270838.303
20170613,1228890.482,1176165.501,1273455.663
20170614,1226645.759,1176164.659,1271880.574
20170615,1232337.889,1179857.888,1277797.28
20170616,1231136.966,1179034.74,1270321.128
20170619,1235209.733,1181446.341,1278611.298
20170620,1233653.715,1183096.625,1277303.255
20170621,1230285.581,1182841.785,1275754.295
20170622,1227359.891,1182711.506,1283565.185
20170623,1235122.735,1189138.375,1289953.095
20170626,1232924.187,1186144.705,1288884.103
20170627,1230711.107,1185461.258,1278537.924
20170628,1229861.972,1186906.997,1280918.31
20170629,1232237.612,1187996.694,1281281.804
20170630,1232970.553,1188003.614,1281084.88
20170705,1226674.237,1185149.259,1274992.865
20170706,1231456.632,1194336.376,1283674.791
20170707,1219012.677,1188448.459,1272899.88
20170710,1228011.956,1196977.55,1277289.688
20170711,1235593.52,1203476.551,1283711.414
20170712,1202649.863,1155319.838,1249674.911
20170713,1222861.745,1198697.202,1275342.982
20170714,1227543.061,1205457.591,1283875.648
20170717,1230452.764,1205132.878,1285360.078
20170718,1230017.812,1204813.879,1283926.368
20170719,1244743.292,1209054.441,1296848.138
20170720,1241820.448,1207824.798,1291190.819
20170721,1250834.294,1212844.081,1298618.129
20170724,1248604.08,1211291.97,1297710.987
20170725,1246780.895,1208363.293,1292744.487
20170726,1255743.555,1214244.402,1301347.889
20170727,1255898.213,1216928.873,1302077.94
20170728,1254631.59,1218268.539,1300246.254
20170731,1254449.017,1216048.182,1299934.574
20170801,1262797.852,1233345.759,1328430.294
20170802,1259468.253,1254791.097,1322642.302
20170803,1267475.283,1264854.881,1325844.195
20170804,1266207.875,1263617.75,1324518.375
20170807,1266346.982,1263451.682,1324292.503
20170808,1267257.951,1263236.422,1324672.688
20170809,1268947.774,1263202.023,1326528.358
20170810,1268210.329,1262861.422,1327099.741
20170811,1269851.583,1263484.559,1326886.506
20170814,1271256.746,1262251.272,1327595.492
20170815,1269682.921,1261261.854,1325032.028
20170816,1270002.544,1258202.501,1320980.551
20170817,1258980.788,1252842.373,1314207.647
20170818,1259436.921,1253070.494,1315500.94
20170821,1268096.628,1257077.643,1324090.553
20170822,1270209.625,1255747.008,1325008.12
20170823,1271373.929,1257882.535,1328566.712
20170824,1255099.474,1247357.446,1313418.743
20170825,1250178.138,1244209.424,1311514.145
20170828,1251305.149,1242763.974,1313163.168
20170829,1261603.706,1250949.931,1324468.837
20170830,1258649.355,1248245.442,1318404.418
20170831,1256843.505,1245802.531,1314109.378
20170901,1259125.185,1245915.377,1314701.136
20170905,1255687.233,1246215.909,1313878.967
20170906,1257354.641,1251482.065,1321222.691
20170907,1260387.209,1255163.531,1324563.165
20170908,1266992.114,1254972.363,1326991.093
20170911,1272165.32,1254609,1326240.945
20170912,1255951.285,1237020.377,1312023.304
20170913,1262118.595,1233682.326,1309459.913
20170914,1256769.72,1231051.962,1314724.9
20170915,1254403.915,1230768.499,1317557.435
20170918,1273492.7,1241618.678,1330793.917
20170919,1283975.629,1247952.675,1332601.228
20170920,1289983.892,1251689.483,1334847.587
20170921,1291662.975,1258618.785,1339709.228
20170922,1290916.045,1265376.759,1346966.939
20170925,1296806.007,1270169.619,1352804.849
20170926,1301596.494,1273757.712,1357151.661
20170927,1303235.047,1275972.957,1362921.638
20170928,1302846.413,1273302.972,1359290.4
20170929,1302754.728,1273495.254,1360227.857
20171003,1301690.767,1264528.004,1353508.275
20171004,1299326.494,1267070.469,1349574.979
20171005,1309470.2,1273887.62,1353352.253
20171006,1311281.843,1272110.931,1357003.137
20171009,1315212.371,1273809.104,1356339.968
20171010,1325257.404,1281389.765,1362104.753
20171011,1229807.573,1205936.905,1283892.941
20171012,1323888.944,1284166.493,1368719.387
20171013,1343469.478,1293513.314,1376085.463
20171016,1337382.568,1294256.228,1375678.158
20171017,1331915.828,1294394.851,1375176.782
20171018,1335917.197,1297533.918,1380025.774
20171019,1337684.375,1300490.992,1383028.049
20171020,1331676.171,1301344.026,1384414.091
20171023,1328471.914,1302706.272,1384587.063
20171024,1341287.175,1310441.971,1390765.918
20171025,1327779.428,1317350.762,1392110.808
20171026,1335996.981,1317573.903,1400993.366
20171027,1328218.236,1316510.319,1403183.461
20171030,1343980.284,1326716.096,1416646.373
20171031,1337516.51,1328278.237,1414218.602
20171101,1349626.667,1326912.288,1426498.888
20171102,1340560.622,1324408.502,1427985.057
20171103,1338729.034,1332078.542,1425933.16
20171106,1326582.703,1344231.983,1426023.357
20171107,1327527.182,1349261.368,1417245.122
20171108,1335585.897,1349502.686,1417401.645
20171109,1339402.535,1348643.562,1422912.557
20171110,1346747.452,1357242.867,1429510.107
20171113,1343717.293,1365699.322,1426851.119
20171114,1347188.327,1368284.999,1417173.728
20171115,1340503.023,1367100.871,1411831.323
20171116,1344437.664,1371619.218,1418560.266
20171117,1344001.892,1365158.533,1412598.303
20171120,1341459.542,1360169.593,1410809.412
20171121,1341236.27,1355439.841,1410285.149
20171122,1332362.268,1353081.723,1405503.377
20171124,1329575.819,1344902.72,1402219.261
20171127,1333785.205,1349959.381,1411388.011
20171128,1331199.396,1344815.483,1411188.049
20171129,1331410.447,1345354.67,1414806.737
20171130,1336194.983,1357742.791,1419702.736
20171201,1334658.372,1357409.517,1413704.871
20171204,1334509.962,1359573.759,1411651.271
20171205,1329695.95,1359395.347,1413453.36
20171206,1346773.784,1367487.086,1437828.449
20171207,1354674.42,1362397.07,1448593.145
20171208,1379331.687,1378999.258,1470123.798
20171211,1380952.053,1374617.265,1469727.645
20171212,1389109.344,1368174.871,1471673.324
20171213,1380008.531,1368433.51,1463284.004
20171214,1370899.471,1370611.536,1461441.914
20171215,1376878.496,1372481.481,1463908.583
20171218,1384557.342,1378273.311,1472486.652
20171219,1389958.731,1390071.255,1478408.116
20171220,1403047.713,1393195.884,1497103.983
20171221,1401771.074,1398544.31,1495550.169
20171222,1397540.022,1392957.918,1487095.611
20171226,1405935.822,1410488.023,1498212.243
20171227,1413684.445,1417129.629,1506991.231
20171228,1404925.222,1410751.415,1497043.067
20171229,1403776.701,1408087.41,1491121.758
20180103,1430561.045,1413127.143,1502569.43
20180104,1424059.018,1408836.917,1494828.106
20180105,1424727.134,1397790.313,1494803.068
20180108,1419042.171,1399175.386,1492407.523
20180109,1420843.865,1402753.243,1494294.616
20180110,1413558.84,1393598.253,1486055.562
20180111,1429066.929,1401710.597,1494306.569
20180112,1328237.742,1283390.324,1364784.218
20180116,1433440.871,1414469.502,1494691.584
20180117,1434259.914,1425530.329,1500057.732
20180118,1432824.14,1424104.75,1498557.625
20180119,1432825.36,1424104.75,1498557.625
20180122,1432826.08,1424104.75,1498557.625
20180123,1432825.73,1424104.75,1498557.625
20180124,1432824.88,1424104.75,1498557.625
20180125,1432825.06,1424104.75,1498557.625
20180126,1432823.05,1424104.75,1498557.625
20180129,1432821.45,1424104.75,1498557.625
20180130,1432821.16,1424104.75,1498557.625
20180131,1432820.3,1424104.75,1498557.625
20180201,1432819.85,1424104.75,1498557.625
20180202,1432819.96,1424104.75,1498557.625
20180205,1432819.15,1424104.75,1498557.625
20180206,1432817.36,1424104.75,1498557.625
20180207,1432816.2,1424104.75,1498557.625
20180208,1432818.02,1424104.75,1498557.625
20180209,1432819.15,1424104.75,1498557.625
20180212,1432820.23,1424104.75,1498557.625
20180213,1432821.27,1424104.75,1498557.625
20180214,1432825.66,1424104.75,1498557.625
20180215,1432824.85,1424104.75,1498557.625
20180216,1432822.9,1424104.75,1498557.625
20180220,1432825.73,1424104.75,1498557.625
20180221,1432826.38,1424104.75,1498557.625
20180222,1432826.2,1424104.75,1498557.625
20180223,1432824.77,1424104.75,1498557.625
20180226,1432824.05,1424104.75,1498557.625
20180227,1432822.52,1424104.75,1498557.625
20180228,1432820.97,1424104.75,1498557.625
20180301,1432831.64,1424104.75,1498557.625
20180302,1432834.23,1424104.75,1498557.625
20180305,1432832.98,1424104.75,1498557.625
20180306,1432832.86,1424104.75,1498557.625
20180307,1432832.63,1424104.75,1498557.625
20180308,1432834.23,1424104.75,1498557.625
20180309,1432835.74,1424104.75,1498557.625
20180312,1432836.67,1424104.75,1498557.625
20180313,1432836.98,1424104.75,1498557.625
20180314,1432835.77,1424104.75,1498557.625
20180315,1432836.69,1424104.75,1498557.625
20180316,1432838.01,1424104.75,1498557.625
20180319,1432837.83,1424104.75,1498557.625
20180320,1432837.03,1424104.75,1498557.625
20180321,1432837.68,1424104.75,1498557.625
20180322,1432837.45,1424104.75,1498557.625
20180323,1432838.08,1424104.75,1498557.625
20180326,1432838.24,1424104.75,1498557.625
20180327,1432836.58,1424104.75,1498557.625
20180328,1430317.745,1421749.495,1495640.197
20180329,1431814.472,1421872.354,1496196.008
20180402,1431743.771,1420906.251,1495375.919
20180403,1414694.396,1415184.639,1479001.41
20180405,1402404.057,1407993.476,1461450.975
20180406,1422051.211,1421989.781,1488744.911
20180409,1408688.434,1414416.284,1471738.151
20180410,1406333.343,1416313.725,1476026.807
20180411,1415050.912,1417742.946,1490330.49
20180412,1398129.276,1405822.223,1452188.695
20180413,1410164.129,1416403.822,1470182.219
20180416,1419055.565,1426175.368,1489843.582
20180417,1428717.745,1409650.141,1491482.609
20180418,1403184.972,1412817.252,1465579.096
20180419,1408428.742,1415729.831,1469229.807
20180420,1427745.697,1429253.065,1495093.141
20180423,1418592.245,1423132.583,1482137.28
20180424,1435694.166,1432368.495,1503470.029
20180425,1425577.739,1427590.498,1491977.905
20180426,1434597.718,1434825.033,1504610.94
20180427,1444825.548,1434681.464,1510252.19
20180430,1434856.461,1436851.546,1514831.364
20180501,1427764.443,1431660.195,1507792.748
20180502,1426533.25,1430504.25,1506285
20180503,1426533.25,1430504.25,1506285
20180504,1426533.25,1430504.25,1506285
20180507,1426533.25,1430504.25,1506285
20180508,1426533.25,1430504.25,1506285
20180509,1426533.25,1430504.25,1506285
20180510,1426533.25,1430504.25,1506285
20180511,1426533.25,1430504.25,1506285
20180514,1426533.25,1430504.25,1506285
20180515,1426533.25,1430504.25,1506285
20180516,1426533.25,1430504.25,1506285
20180517,1426533.25,1430504.25,1506285
20180518,1426533.25,1430504.25,1506285
20180521,1426533.25,1430504.25,1506285
20180522,1426533.25,1430504.25,1506285
20180523,1426533.25,1430504.25,1506285
20180524,1426533.25,1430504.25,1506285
20180525,1426533.25,1430504.25,1506285
20180529,1426484.587,1430587.298,1506881.33
20180530,1426360.125,1430499.25,1506665
20180531,1426230.887,1430412.775,1506473.829
20180601,1427861.187,1433453.502,1512620.613
20180604,1425393.857,1430440.853,1505041.329
20180605,1425931.543,1432261.561,1507882.496
20180606,1425076.88,1430633.513,1503634.176
20180607,1424770.707,1429687.147,1499907.755
20180608,1416540.759,1423185.41,1475502.434
20180611,1422653.171,1428649.444,1496692.714
20180612,1415759.101,1423352.317,1477618.142
20180613,1420403.684,1428912.908,1495356.988
20180614,1426324.891,1434342.382,1505773.636
20180615,1424542.381,1434670.03,1505240.991
20180618,1434891.394,1443408.771,1533917.457
20180619,1437334.361,1450103.042,1537344.81
20180620,1440230.633,1452500.768,1539664.472
20180621,1442237.139,1451554.28,1538067.676
20180622,1440707.043,1451472.724,1537592.692
20180625,1435082.836,1445081.991,1525572.9
20180626,1431806.919,1443468.161,1520317.403
20180627,1425352.428,1440457.461,1513709.312
20180628,1418412.567,1438091.226,1504536.931
20180629,1397832.179,1428581.671,1478896.291
20180702,1398268.397,1427581.764,1478914.907
20180705,1385917.051,1424317.989,1463113.466
20180706,1390530.449,1425275.626,1472867.402
20180709,1366893.22,1409778.83,1452555.917
20180710,1368410.664,1413066.009,1453350.686
20180711,1363033.241,1407799.575,1442571.645
20180712,1374891.643,1417583.325,1448323.039
20180713,1374477.971,1415231.693,1454996.387
20180716,1373103.5,1413889.25,1453541.375
20180717,1373103.5,1413889.25,1453541.375
20180718,1427512.545,1432201.349,1498470.219
20180719,1373463.336,1414240.909,1454012.873
20180720,1378050.203,1417712.108,1458343.392
20180723,1381712.91,1419922.914,1460715.767
20180724,1376178.353,1414402.398,1456740.595
20180725,1380655.823,1419232.517,1462230.895
20180726,1384099.165,1423495.021,1467237.873
20180727,1384213.436,1427744.396,1469657.695
20180730,1385065.083,1426893.587,1466694.731
20180731,1388956.426,1431728.908,1473410.347
20180801,1381371.116,1422861.567,1464153.779
20180802,1379573.282,1424421.695,1467547.015
20180803,1378905.801,1424077.925,1466187.572
20180806,1389405.511,1433466.323,1471842.269
20180807,1398435.066,1442296.401,1487030.961
20180808,1405281.507,1450757.126,1497707.199
20180809,1402997.917,1451079.288,1491449.612
20180810,1394306.198,1434838.227,1485524.52
20180813,1399818.949,1444540.073,1491712.156
20180814,1396843.299,1433553.406,1483965.014
20180815,1395446.5,1432199.25,1482481
20180816,1395446.5,1432199.25,1482481
20180817,1395446.5,1432199.25,1482481
20180820,1395446.5,1432199.25,1482481
20180821,1395446.5,1432199.25,1482481
20180822,1395446.5,1432199.25,1482481
20180823,1395446.5,1432199.25,1482481
20180824,1395446.5,1432199.25,1482481
20180827,1395446.5,1432199.25,1482481
20180828,1395446.5,1432199.25,1482481
20180829,1395446.5,1432199.25,1482481
20180830,1395446.5,1432199.25,1482481
20180831,1395446.5,1432199.25,1482481
20180904,1395446.5,1432199.25,1482481
20180905,1395446.5,1432199.25,1482481
20180906,1394567.753,1431199.421,1481493.647
20180907,1396570.803,1432270.57,1482461.261
20180910,1400241.957,1435616.976,1488377.087
20180911,1400806.673,1435082.91,1487716.031
20180912,1403488.512,1435191.02,1487354.971
20180913,1399118.403,1431992.005,1480572.892
20180914,1398322.125,1431488.125,1479701.75
20180917,1398322.125,1431488.125,1479701.75
20180918,1398608.048,1431524.127,1479699.087
20180919,1398826.229,1431771.516,1480324.856
20180920,1397167.132,1431157.792,1478114.049
20180921,1395088.94,1428278.724,1475998.648
20180924,1397621.644,1430179.167,1477256.274
20180925,1396976.5,1429738.875,1476311
20180926,1396976.5,1429738.875,1476311
20180927,1396976.5,1429738.875,1476311
20180928,1396976.5,1429738.875,1476311
20181001,1398308.491,1430443.401,1477582.973
20181003,1398087.875,1430298.875,1477401.75
20181004,1399559.946,1431574.154,1479381.788
20181005,1400374.092,1432555.5,1481039.095
20181008,1398345.35,1430222.022,1476425.643
20181009,1396376.47,1428321.087,1475030.447
20181010,1392615.192,1425578.359,1470607.206
20181011,1391928.509,1426602.847,1472661.142
20181012,1391002.875,1426075.375,1471720.25
20181015,1391002.875,1426075.375,1471720.25
20181016,1391002.875,1426075.375,1471720.25
20181017,1373103.5,1413889.25,1453541.375
20181018,1389497.686,1425191.103,1470646.901
20181019,1389324,1425097.75,1470474.125
20181022,1389324,1425097.75,1470474.125
20181023,1389324,1425097.75,1470474.125
20181024,1389324,1425097.75,1470474.125
20181025,1389324,1425097.75,1470474.125
20181026,1391535.995,1426694.711,1471308.087
20181029,1389919.643,1425554.136,1470574.227
20181030,1396835.242,1435076.487,1477101.003
20181031,1396908.374,1430415.477,1478019.823
20181101,1396467.25,1429963.375,1477533.375
20181102,1396467.25,1429963.375,1477533.375
20181105,1396467.25,1429963.375,1477533.375
20181106,1396467.25,1429963.375,1477533.375
20181107,1396467.25,1429963.375,1477533.375
20181108,1396467.25,1429963.375,1477533.375
20181109,1396467.25,1429963.375,1477533.375
20181112,1396467.25,1429963.375,1477533.375
20181113,1396467.25,1429963.375,1477533.375
20181114,1396467.25,1429963.375,1477533.375
20181115,1396467.25,1429963.375,1477533.375
20181116,1396467.25,1429963.375,1477533.375
20181119,1396467.25,1429963.375,1477533.375
20181120,1396467.25,1429963.375,1477533.375
20181121,1396467.25,1429963.375,1477533.375
20181123,1396467.25,1429963.375,1477533.375
20181126,1396467.25,1429963.375,1477533.375
20181127,1396467.25,1429963.375,1477533.375
20181128,1396467.25,1429963.375,1477533.375
20181129,1396467.25,1429963.375,1477533.375
20181130,1396467.25,1429963.375,1477533.375
20181203,1396467.25,1429963.375,1477533.375
20181204,1396467.25,1429963.375,1477533.375
20181206,1396467.25,1429963.375,1477533.375
20181207,1396467.25,1429963.375,1477533.375
20181210,1396467.25,1429963.375,1477533.375
20181211,1396467.25,1429963.375,1477533.375
20181212,1396467.25,1429963.375,1477533.375
20181213,1396467.25,1429963.375,1477533.375
20181214,1396467.25,1429963.375,1477533.375
20181217,1396467.25,1429963.375,1477533.375
20181218,1396467.25,1429963.375,1477533.375
20181219,1396467.25,1429963.375,1477533.375
20181220,1396467.25,1429963.375,1477533.375
20181221,1396467.25,1429963.375,1477533.375
20181224,1396467.25,1429963.375,1477533.375
20181226,1396467.25,1429963.375,1477533.375
20181227,1396467.25,1429963.375,1477533.375
20181228,1396467.25,1429963.375,1477533.375
20181231,1396467.25,1429963.375,1477533.375
20190102,1396467.25,1429963.375,1477533.375
20190104,1396467.25,1429963.375,1477533.375
20190107,1396467.25,1429963.375,1477533.375
20190108,1396467.25,1429963.375,1477533.375
20190109,1396467.25,1429963.375,1477533.375
20190110,1396467.25,1429963.375,1477533.375
20190111,1406998.857,1437184.242,1483234.649
20190114,1406772,1437040.75,1483102.75
20190115,1406772,1437040.75,1483102.75
20190116,1406772,1437040.75,1483102.75
20190117,1406772,1437040.75,1483102.75
20190118,1406772,1437040.75,1483102.75
20190122,1391002.875,1426075.375,1471720.25
20190123,1407276.704,1437742.706,1483870.418
20190124,1407875.622,1441545.317,1487368.857
20190125,1409229.279,1443106.032,1489025.059
20190128,1410448.067,1444199.257,1490778.471
20190129,1410719.521,1445003.045,1489888.703
20190130,1409968.739,1442445.316,1485100.301
20190131,1410007.217,1447244.725,1486997.41
20190201,1422577.242,1450209.388,1485332.25
20190204,1426058.444,1452157.837,1495436.66
20190205,1437748.292,1464449.054,1514438.062
20190206,1424442.061,1456459.745,1496115.104
20190207,1423897.384,1460211.832,1508982.147
20190208,1427972.667,1460048.932,1507392.081
20190211,1437903.998,1465167.502,1516121.925
20190212,1419830.231,1455658.117,1500758.529
20190213,1423635.791,1454232.252,1502989.539
20190214,1436856.339,1483613.946,1518273.293
20190215,1437990.752,1480201.141,1510662.332
20190219,1436446.939,1489137.482,1510986.892
20190220,1443748.863,1499715.638,1515673.659
20190221,1449410.199,1509432.742,1524701.726
20190222,1441131.131,1510171.626,1517160.199
20190225,1427011.636,1498317.027,1504207.866
20190226,1423215.447,1487995.581,1502414.292
20190227,1419253.2,1482576.151,1499973.289
20190228,1445202.898,1503636.609,1520691.069
20190301,1456203.179,1510878.508,1529053.674
20190304,1449468.136,1510623.956,1521895.26
20190305,1484961.81,1534645.974,1548887.451
20190306,1484165.885,1532531.98,1549887.588
20190307,1491246.175,1536783.46,1554956.002
20190308,1483344.162,1529477.397,1554422.346
20190311,1486050.088,1541906.399,1563298.764
20190312,1489884.103,1541119.033,1564764.292
20190313,1479243.364,1540926.378,1561628.295
20190314,1466061.97,1530342.879,1557916.854
20190315,1460628.778,1521756.035,1555201.267
20190318,1465062.995,1535890.412,1560522.918
20190319,1459360.33,1515598.686,1556272.449
20190320,1456303.673,1519987.806,1551843.441
20190321,1451349.822,1511608.494,1545540.18
20190322,1438112.706,1502798.539,1534499.281
20190325,1435497.141,1500156.903,1526896.781
20190326,1449577.946,1518428.437,1546396.906
20190327,1453437.116,1520336.259,1552056.863
20190328,1450632.084,1532641.643,1557722.102
20190329,1450607.099,1537676.495,1553947.188
20190401,1454768.116,1544926.489,1560974.152
20190402,1467426.705,1549946.774,1565390.113
20190403,1466739.54,1549164.405,1564030.121
20190405,1457343.692,1543967.736,1561989.952
20190408,1473792.085,1562439.804,1577356.815
20190409,1442964.316,1537436.523,1554851.702
20190410,1444026.123,1533045.128,1552531.571
20190411,1448782.366,1537259.262,1564788.348
20190412,1443635.035,1533296.614,1558776.59
20190415,1450916.463,1539448.327,1565462.617
20190416,1464380.885,1552828.804,1576622.114
20190417,1495650.101,1560793.415,1594279.656
20190418,1435840.858,1560961.581,1562340.52
20190422,1434405,1559400.625,1560778.25
20190423,1434405,1559400.625,1560778.25
20190424,1406772,1437040.75,1483102.75
20190425,1434551.825,1559668.659,1559133.214
20190426,1434430.875,1559510,1558962.125
20190429,1434430.875,1559510,1558962.125
20190430,1434430.875,1559510,1558962.125
20190501,1434430.875,1559510,1558962.125
20190502,1434430.875,1559510,1558962.125
20190503,1434430.875,1559510,1558962.125
20190506,1434430.875,1559510,1558962.125
20190507,1434430.875,1559510,1558962.125
20190508,1434430.875,1559510,1558962.125
20190509,1434430.875,1559510,1558962.125
20190510,1434430.875,1559510,1558962.125
20190513,1434430.875,1559510,1558962.125
20190514,1434430.875,1559510,1558962.125
20190515,1434430.875,1559510,1558962.125
20190516,1434430.875,1559510,1558962.125
20190517,1434430.875,1559510,1558962.125
20190520,1434430.875,1559510,1558962.125
20190521,1434430.875,1559510,1558962.125
20190522,1434430.875,1559510,1558962.125
20190523,1434430.875,1559510,1558962.125
20190524,1434430.875,1559510,1558962.125
20190528,1434430.875,1559510,1558962.125
20190529,1434430.875,1559510,1558962.125
20190530,1434430.875,1559510,1558962.125
20190531,1434430.875,1559510,1558962.125
20190603,1434430.875,1559510,1558962.125
20190604,1434430.875,1559510,1558962.125
20190605,1434430.875,1559510,1558962.125
20190606,1434430.875,1559510,1558962.125
20190607,1434430.875,1559510,1558962.125
20190610,1434430.875,1559510,1558962.125
20190611,1434430.875,1559510,1558962.125
20190612,1434430.875,1559510,1558962.125
20190613,1434430.875,1559510,1558962.125
20190614,1434430.875,1559510,1558962.125
20190617,1434430.875,1559510,1558962.125
20190618,1434430.875,1559510,1558962.125
20190619,1434430.875,1559510,1558962.125
20190620,1434430.875,1559510,1558962.125
20190621,1434430.875,1559510,1558962.125
20190624,1434430.875,1559510,1558962.125
20190625,1434430.875,1559510,1558962.125
20190626,1434430.875,1559510,1558962.125
20190627,1434430.875,1559510,1558962.125
20190628,1434430.875,1559510,1558962.125
20190701,1434430.875,1559510,1558962.125
20190702,1434430.875,1559510,1558962.125
20190703,1434430.875,1559510,1558962.125
20190708,1434430.875,1559510,1558962.125
20190709,1434430.875,1559510,1558962.125
20190710,1434430.875,1559510,1558962.125
20190711,1434430.875,1559510,1558962.125
20190712,1434430.875,1559510,1558962.125
20190715,1434430.875,1559510,1558962.125
20190716,1434430.875,1559510,1558962.125
20190717,1434473.453,1560049.517,1558015.906
20190718,1434226.692,1562007.298,1559359.889
20190719,1436353.823,1564507.409,1559527.158
20190722,1437286.813,1565028.817,1562866.37
20190723,1438945.362,1568608.187,1568878.486
20190724,1437211.136,1567674.491,1567358.139
20190725,1434405,1559400.625,1560778.25
20190726,1432284.205,1562696.705,1563647.687
20190729,1435333.217,1564989.235,1566935.764
20190730,1441322.568,1569987.973,1580865.175
20190731,1440697.125,1569037,1579289.625
20190801,1440697.125,1569037,1579289.625
20190802,1440697.125,1569037,1579289.625
20190805,1440697.125,1569037,1579289.625
20190806,1440595.023,1569681.243,1578346.847
20190807,1440152.074,1567620.356,1574632.967
20190808,1439389.953,1567865.477,1574318.258
20190809,1442604.124,1571325.34,1579128.928
20190812,1437432.862,1571302.714,1581027.554
20190813,1436809.625,1570747.5,1579882.875
20190814,1436809.625,1570747.5,1579882.875
20190815,1436809.625,1570747.5,1579882.875
20190816,1436809.625,1570747.5,1579882.875
20190819,1436809.625,1570747.5,1579882.875
20190820,1435829.774,1568599.698,1577754.871
20190821,1435688.25,1568435.75,1577567.5
20190822,1431222.748,1562522.201,1572194.526
20190823,1433988.017,1565368.4,1576685.971
20190826,1433872.145,1565528.079,1575195.7
20190827,1433515.625,1565269.625,1574645.375
20190828,1433515.625,1565269.625,1574645.375
20190829,1433515.625,1565269.625,1574645.375
20190830,1433515.625,1565269.625,1574645.375
20190903,1433515.625,1565269.625,1574645.375
20190904,1433515.625,1565269.625,1574645.375
20190905,1433515.625,1565269.625,1574645.375
20190906,1433515.625,1565269.625,1574645.375
20190909,1433515.625,1565269.625,1574645.375
20190910,1433515.625,1565269.625,1574645.375
20190911,1433515.625,1565269.625,1574645.375
20190912,1433515.625,1565269.625,1574645.375
20190913,1433515.625,1565269.625,1574645.375
20190916,1433515.625,1565269.625,1574645.375
20190917,1433515.625,1565269.625,1574645.375
20190918,1433515.625,1565269.625,1574645.375
20190919,1433515.625,1565269.625,1574645.375
20190920,1433515.625,1565269.625,1574645.375
20190923,1433515.625,1565269.625,1574645.375
20190924,1433515.625,1565269.625,1574645.375
20190925,1433515.625,1565269.625,1574645.375
20190926,1433515.625,1565269.625,1574645.375
20190927,1433515.625,1565269.625,1574645.375
20190930,1433515.625,1565269.625,1574645.375
20191001,1433515.625,1565269.625,1574645.375
20191002,1433515.625,1565269.625,1574645.375
20191004,1433515.625,1565269.625,1574645.375
20191007,1433515.625,1565269.625,1574645.375
20191008,1433515.625,1565269.625,1574645.375
20191009,1433515.625,1565269.625,1574645.375
20191010,1433515.625,1565269.625,1574645.375
20191011,1433515.625,1565269.625,1574645.375
20191014,1433515.625,1565269.625,1574645.375
20191015,1433515.625,1565269.625,1574645.375
20191016,1433515.625,1565269.625,1574645.375
20191017,1433515.625,1565269.625,1574645.375
20191018,1433515.625,1565269.625,1574645.375
20191021,1433515.625,1565269.625,1574645.375
20191022,1433515.625,1565269.625,1574645.375
20191023,1433515.625,1565269.625,1574645.375
20191024,1434071.708,1563474.616,1564242.322
20191025,1432781.125,1564577.735,1573543.168
20191028,1432610,1564483.25,1573332.25
20191029,1432610,1564483.25,1573332.25
20191030,1432610,1564483.25,1573332.25
20191031,1432610,1564483.25,1573332.25
20191101,1432610,1564483.25,1573332.25
20191104,1432610,1564483.25,1573332.25
20191105,1432610,1564483.25,1573332.25
20191106,1432610,1564483.25,1573332.25
20191107,1432610,1564483.25,1573332.25
20191108,1432610,1564483.25,1573332.25
20191111,1432610,1564483.25,1573332.25
20191112,1432610,1564483.25,1573332.25
20191113,1432610,1564483.25,1573332.25
20191114,1432610,1564483.25,1573332.25
20191115,1432610,1564483.25,1573332.25
20191118,1432610,1564483.25,1573332.25
20191119,1432610,1564483.25,1573332.25
20191120,1432610,1564483.25,1573332.25
20191121,1432610,1564483.25,1573332.25
20191122,1432610,1564483.25,1573332.25
20191125,1432610,1564483.25,1573332.25
20191126,1432610,1564483.25,1573332.25
20191127,1432610,1564483.25,1573332.25
20191129,1432610,1564483.25,1573332.25
20191202,1432610,1564483.25,1573332.25
20191203,1432610,1564483.25,1573332.25
20191204,1433716.647,1564134.331,1573595.811
20191205,1433478.375,1564002.75,1573389.75
20191206,1433478.375,1564002.75,1573389.75
20191209,1433478.375,1564002.75,1573389.75
20191210,1433478.375,1564002.75,1573389.75
20191211,1433478.375,1564002.75,1573389.75
20191212,1433478.375,1564002.75,1573389.75
20191213,1433478.375,1564002.75,1573389.75
20191216,1433478.375,1564002.75,1573389.75
20191217,1433478.375,1564002.75,1573389.75
20191218,1433478.375,1564002.75,1573389.75
20191219,1433478.375,1564002.75,1573389.75
20191220,1433478.375,1564002.75,1573389.75
20191223,1433478.375,1564002.75,1573389.75
20191224,1433478.375,1564002.75,1573389.75
20191226,1433478.375,1564002.75,1573389.75
20191227,1433478.375,1564002.75,1573389.75
20191230,1433478.375,1564002.75,1573389.75
20191231,1433478.375,1564002.75,1573389.75
20200102,1433478.375,1564002.75,1573389.75
20200106,1433478.375,1564002.75,1573389.75
20200107,1433478.375,1564002.75,1573389.75
20200108,1433478.375,1564002.75,1573389.75
20200109,1433478.375,1564002.75,1573389.75
20200110,1433478.375,1564002.75,1573389.75
20200113,1433478.375,1564002.75,1573389.75
20200114,1433478.375,1564002.75,1573389.75
20200115,1433478.375,1564002.75,1573389.75
20200116,1433478.375,1564002.75,1573389.75
20200117,1433478.375,1564002.75,1573389.75
20200121,1433478.375,1564002.75,1573389.75
20200122,1433478.375,1564002.75,1573389.75
20200123,1433478.375,1564002.75,1573389.75
20200124,1433478.375,1564002.75,1573389.75
20200127,1433478.375,1564002.75,1573389.75
20200128,1433515.625,1565269.625,1574645.375
20200129,1432672.156,1563134.057,1572059.3
20200130,1433554.239,1564023.614,1575931.713
20200131,1433311.125,1563765.625,1575338.375
20200203,1432990.791,1563088.279,1574183.386
20200204,1432925.375,1562931.25,1573916.875
20200205,1432925.375,1562931.25,1573916.875
20200206,1432925.375,1562931.25,1573916.875
20200207,1432925.375,1562931.25,1573916.875
20200210,1432925.375,1562931.25,1573916.875
20200211,1432925.375,1562931.25,1573916.875
20200212,1432925.375,1562931.25,1573916.875
20200213,1432925.375,1562931.25,1573916.875
20200214,1432925.375,1562931.25,1573916.875
20200218,1432925.375,1562931.25,1573916.875
20200219,1432925.375,1562931.25,1573916.875
20200220,1432925.375,1562931.25,1573916.875
20200221,1432925.375,1562931.25,1573916.875
20200224,1432925.375,1562931.25,1573916.875
20200225,1432925.375,1562931.25,1573916.875
20200226,1432925.375,1562931.25,1573916.875
20200227,1432925.375,1562931.25,1573916.875
20200228,1432925.375,1562931.25,1573916.875
20200302,1432925.375,1562931.25,1573916.875
20200303,1432925.375,1562931.25,1573916.875
20200304,1432925.375,1562931.25,1573916.875
20200305,1432925.375,1562931.25,1573916.875
20200306,1432925.375,1562931.25,1573916.875
20200309,1432925.375,1562931.25,1573916.875
20200310,1432925.375,1562931.25,1573916.875
20200311,1432925.375,1562931.25,1573916.875
20200312,1432925.375,1562931.25,1573916.875
20200313,1432925.375,1562931.25,1573916.875
20200316,1428136.209,1558392.902,1564568.989
20200317,1417839.808,1551595.147,1551428.994
20200318,1417579.25,1551364.5,1550968.5
20200319,1417579.25,1551364.5,1550968.5
20200320,1417594.175,1549180.45,1548286.537
20200323,1417490.625,1549065.75,1548115.5
20200324,1417490.625,1549065.75,1548115.5
20200325,1417490.625,1549065.75,1548115.5
20200326,1417490.625,1549065.75,1548115.5
20200327,1417490.625,1549065.75,1548115.5
20200330,1417490.625,1549065.75,1548115.5
20200331,1417490.625,1549065.75,1548115.5
20200401,1417490.625,1549065.75,1548115.5
20200402,1417490.625,1549065.75,1548115.5
20200406,1417490.625,1549065.75,1548115.5
20200407,1417490.625,1549065.75,1548115.5
20200408,1417490.625,1549065.75,1548115.5
20200409,1417490.625,1549065.75,1548115.5
20200413,1417490.625,1549065.75,1548115.5
20200414,1417490.625,1549065.75,1548115.5
20200415,1417490.625,1549065.75,1548115.5
20200416,1417490.625,1549065.75,1548115.5
20200417,1417490.625,1549065.75,1548115.5
20200420,1417490.625,1549065.75,1548115.5
20200421,1417490.625,1549065.75,1548115.5
20200422,1417490.625,1549065.75,1548115.5
20200423,1417490.625,1549065.75,1548115.5
20200424,1417490.625,1549065.75,1548115.5
20200427,1417490.625,1549065.75,1548115.5
20200428,1417490.625,1549065.75,1548115.5
20200429,1433478.375,1564002.75,1573389.75
20200430,1417349.925,1548990.777,1549014.638
20200501,1417246.375,1548864.5,1548873.875
20200504,1417246.375,1548864.5,1548873.875
20200505,1417246.375,1548864.5,1548873.875
20200506,1417246.375,1548864.5,1548873.875
20200507,1417246.375,1548864.5,1548873.875
20200508,1417246.375,1548864.5,1548873.875
20200511,1417246.375,1548864.5,1548873.875
20200512,1417246.375,1548864.5,1548873.875
20200513,1417246.375,1548864.5,1548873.875
20200514,1417246.375,1548864.5,1548873.875
20200515,1417246.375,1548864.5,1548873.875
20200518,1417246.375,1548864.5,1548873.875
20200519,1417246.375,1548864.5,1548873.875
20200520,1417246.375,1548864.5,1548873.875
20200521,1417246.375,1548864.5,1548873.875
20200522,1417246.375,1548864.5,1548873.875
20200526,1417246.375,1548864.5,1548873.875
20200527,1417246.375,1548864.5,1548873.875
20200528,1417246.375,1548864.5,1548873.875
20200529,1417246.375,1548864.5,1548873.875
20200601,1417246.375,1548864.5,1548873.875
20200602,1417246.375,1548864.5,1548873.875
20200603,1417246.375,1548864.5,1548873.875
20200604,1417246.375,1548864.5,1548873.875
20200605,1417246.375,1548864.5,1548873.875
20200608,1417246.375,1548864.5,1548873.875
20200609,1417246.375,1548864.5,1548873.875
20200610,1417246.375,1548864.5,1548873.875
20200611,1417246.375,1548864.5,1548873.875
20200612,1417246.375,1548864.5,1548873.875
20200615,1417246.375,1548864.5,1548873.875
20200616,1417246.375,1548864.5,1548873.875
20200617,1417246.375,1548864.5,1548873.875
20200618,1417246.375,1548864.5,1548873.875
20200619,1417246.375,1548864.5,1548873.875
20200622,1416979.593,1548660.308,1547915.779
20200623,1418114.048,1550349.738,1550004.963
20200624,1417863.5,1550161.5,1549638
20200625,1417863.5,1550161.5,1549638
20200626,1417863.5,1550161.5,1549638
20200629,1421975.886,1553189.515,1557252.878
20200630,1421846.5,1553079.875,1557048.5
20200701,1421846.5,1553079.875,1557048.5
20200702,1421846.5,1553079.875,1557048.5
