index,balance 1,balance 2,balance 3
20160104,1000096.073,1000096.073,1000096.073
20160105,996368.8374,996368.8374,996368.8374
20160106,988338.8408,988338.8408,988338.8408
20160107,984454.4063,984454.4063,984454.4063
20160108,983128.6553,983128.6553,983128.6553
20160111,986848.6797,986848.6797,986848.6797
20160112,973872.7891,973872.7891,973872.7891
20160113,989463.334,989463.334,989463.334
20160114,964954.7981,964954.7981,964954.7981
20160115,964556.4674,964556.4674,964556.4674
20160119,949191.3013,949191.3013,949191.3013
20160120,960882.6177,960882.6177,960882.6177
20160121,977215.6353,977215.6353,977215.6353
20160122,963157.2759,963157.2759,963157.2759
20160125,987151.4185,987151.4185,987151.4185
20160126,981487.9732,981487.9732,981487.9732
20160127,993199.9615,993199.9615,993199.9615
20160128,1011321.227,1011321.227,1011321.227
20160129,1009697.465,1009697.465,1009697.465
20160201,1001801.187,1001801.187,1001801.187
20160202,1020839.315,1020839.315,1020839.315
20160203,1024814.242,1024814.242,1024814.242
20160204,1009549.935,1009549.935,1009549.935
20160205,1011399.844,1011399.844,1011399.844
20160208,1009939.778,1009939.778,1009939.778
20160209,1000484.489,1000484.489,1000484.489
20160210,991579.3926,991579.3926,991579.3926
20160211,1009475.022,1009475.022,1009475.022
20160212,1017874.611,1017874.611,1017874.611
20160216,1032610.376,1032610.376,1032610.376
20160217,1030172.253,1030172.253,1030172.253
20160218,1025670.712,1025670.712,1025670.712
20160219,1037588.702,1037588.702,1037588.702
20160222,1022692.551,1022692.551,1022692.551
20160223,1027098.277,1027098.277,1027098.277
20160224,1037258.946,1037258.946,1037258.946
20160225,1033020.228,1033020.228,1033020.228
20160226,1026681.191,1026681.191,1026681.191
20160229,1048318.93,1048318.93,1048318.93
20160301,1049322.289,1049322.289,1049322.289
20160302,1049510.251,1049510.251,1049510.251
20160303,1053157.81,1053157.81,1053157.81
20160304,1059418.751,1059418.751,1059418.751
20160307,1050007.219,1050007.219,1050007.219
20160308,1058712.307,1058712.307,1058712.307
20160309,1060181.038,1060181.038,1060181.038
20160310,1071425.935,1071425.935,1071425.935
20160311,1071513.985,1071513.985,1071513.985
20160314,1072617.555,1072617.555,1072617.555
20160315,1075932.224,1075932.224,1075932.224
20160316,1083661.219,1083661.219,1083661.219
20160317,1090365.551,1090365.551,1090365.551
20160318,1085267.181,1085267.181,1085267.181
20160321,1082022.643,1082022.643,1082022.643
20160322,1079120.948,1079120.948,1079120.948
20160323,1080869.59,1080869.59,1080869.59
20160324,1083888.827,1083888.827,1083888.827
20160328,1085428.663,1085428.663,1085428.663
20160329,1091591.796,1091591.796,1091591.796
20160330,1087295.357,1087295.357,1087295.357
20160331,1090868.9,1090868.9,1090868.9
20160401,1000000,1000000,1000000
20160405,1089050.269,1089290.226,1089143.379
20160406,1084000.706,1084456.319,1084154.855
20160407,1087253.553,1087975.529,1087410.944
20160408,1084372.242,1085726.394,1084672.839
20160411,1095288.376,1096668.034,1095400.429
20160412,1101575.68,1102658.717,1100960.566
20160413,1101890.415,1103131.38,1101101.584
20160414,1100699.047,1102374.129,1101068.597
20160415,1110818.488,1110971.018,1109044.75
20160418,1120449.212,1118839.095,1118679.464
20160419,1120042.873,1116812.565,1118457.6
20160420,1114832.011,1112591.957,1112883.974
20160421,1118381.985,1114783.132,1115911.991
20160422,1120020.161,1115032.6,1116270.393
20160425,1122782.818,1117127.73,1119823.304
20160426,1127020.866,1124296.685,1125082.176
20160427,1118119.529,1116045.158,1117383.698
20160428,1111226.188,1110469.78,1110518.938
20160429,1119802.529,1118407.31,1117032.334
20160502,1111241.395,1110676.391,1108305.795
20160503,1107085.052,1106071.539,1102488.73
20160504,1108510.956,1107557.306,1102590.406
20160505,1113266.812,1111901.64,1108291.534
20160506,1110780.322,1110997.03,1106454.969
20160509,1122047.968,1123047.772,1118293.733
20160510,1109183.853,1113132.088,1108991.718
20160511,1110528.332,1117475.013,1113150.621
20160512,1098572.876,1104457.455,1099693.803
20160513,1110801.344,1114327.301,1111152.785
20160516,1100381.649,1102396.649,1101005.855
20160517,1095642.903,1101503.742,1097475.087
20160518,1090428.959,1099199.185,1093956.786
20160519,1097235.449,1099819.886,1095695.755
20160520,1100161.662,1098662.355,1097307.61
20160523,1111995.979,1108104.981,1107322.391
20160524,1121209.666,1114890.939,1113890.288
20160525,1116397.441,1111778.574,1110328.953
20160526,1120223.13,1113826.479,1112354.016
20160527,1112049.303,1106967.591,1102961.158
20160531,1113314.271,1109599.08,1105282.303
20160601,1116640.37,1113041.035,1110140.593
20160602,1120815.045,1109451.693,1109786.738
20160603,1126300.644,1121292.1,1124524.866
20160606,1129138.319,1123916.634,1126546.059
20160607,1131312.32,1127390.182,1130601.81
20160608,1131256.408,1126341.059,1129814.422
20160609,1125666.504,1121914.293,1121341.864
20160610,1117693.53,1117399.496,1113190.94
20160613,1112774.005,1110640.418,1105552.927
20160614,1108002.699,1107579.687,1103350.757
20160615,1113426.052,1112007.419,1106966.262
20160616,1113391.96,1107345.486,1105297.354
20160617,1119128.16,1116202.051,1115469.108
20160620,1122290.116,1117394.908,1114951.393
20160621,1118860.716,1115629.268,1112254.354
20160622,1132839.107,1128661.571,1125105.966
20160623,1095186.316,1089558.259,1084613.045
20160624,1073975.502,1071100.843,1063205.961
20160627,1081522.165,1086538.158,1075517.278
20160628,1102771.68,1108937.995,1097119.434
20160629,1115232.013,1125112.665,1114010.819
20160630,1113998.799,1123667.843,1112566.233
20160705,1106209.694,1117741.229,1104218.477
20160706,1102568.535,1114020.912,1102562.81
20160707,1117664.579,1127984.991,1117772.586
20160708,1121732.897,1134036.633,1124672.338
20160711,1129215.526,1138245.726,1129154.193
20160712,1132086.666,1138997.744,1129054.975
20160713,1142150.378,1146856.426,1136246.847
20160714,1140404.988,1145575.855,1137054.252
20160715,1140164.641,1145967.771,1137406.412
20160718,1141136.401,1149286.425,1141586.912
20160719,1142438.351,1150088.846,1143493.611
20160720,1136544.471,1145408.382,1138206.807
20160721,1139082.641,1146897.105,1140690.202
20160722,1138688.672,1144099.194,1138552.6
20160725,1135715.031,1141719.771,1137396.194
20160726,1129215.509,1135206.546,1134106.55
20160727,1129887.2,1131978.03,1131588.62
20160728,1130293.845,1131936.558,1132497.225
20160729,1133092.517,1129930.786,1132876.656
20160801,1130237.289,1125849.791,1128425.766
20160802,1130313.935,1123670.184,1125363.687
20160803,1130286.46,1123976.382,1125390.44
20160804,1137848.399,1131902.549,1133316.332
20160805,1136777.885,1130421.069,1130591.133
20160808,1137096.695,1130142.832,1129722.058
20160809,1137452.601,1128378.604,1128764.241
20160810,1145751.806,1136572.318,1136945.601
20160811,1144403.062,1134656.566,1133733.786
20160812,1145639.656,1133828.501,1132305.874
20160815,1137980.808,1123876.372,1121864.899
20160816,1141054.517,1127673.724,1126185.237
20160817,1142545.273,1128565.227,1126525.673
20160818,1143096.619,1128252.695,1125972.595
20160819,1139625.634,1123740.551,1121344.907
20160822,1143177.794,1128040.075,1125925.841
20160823,1141141.327,1126746.762,1124994.829
20160824,1141072.253,1123501.815,1123010.607
20160825,1139160.7,1123319.29,1122827.51
20160826,1146094.819,1128640.025,1128721.892
20160829,1143853.364,1124947.385,1124493.511
20160830,1141732.603,1123239.103,1122071.158
20160831,1144587.246,1125664.531,1124913.158
20160901,1146867.27,1126712.834,1126406.079
20160902,1148100.071,1127551.23,1127111.463
20160906,1145173.537,1127003.478,1125859.479
20160907,1140658.73,1120677.986,1119496.178
20160908,1119127.466,1102748.407,1100647.185
20160909,1134917.053,1115605.721,1113479.635
20160912,1119273.384,1099893.687,1098910.527
20160913,1116605.62,1098524.727,1097427.562
20160914,1127869.229,1107363.844,1106222.384
20160915,1125812.305,1102668.619,1101447.189
20160916,1125738.489,1099857.216,1100026.446
20160919,1127095.663,1101577.063,1101888.104
20160920,1136030.506,1110428.167,1111790.159
20160921,1142000.755,1115439.143,1116246.916
20160922,1130900.091,1107080.837,1107429.145
20160923,1117962.845,1093958.921,1095343.614
20160926,1128415.181,1106871.348,1106933.832
20160927,1127096.861,1101210.766,1103927.977
20160928,1111001.458,1083447.593,1087255.885
20160929,1120407.479,1092617.438,1095751.317
20161003,1110849.836,1089931.823,1089490.845
20161004,1118086.235,1095915.501,1094896.578
20161005,1116607.241,1094100.537,1092634.06
20161006,1121249.812,1097669.344,1095662.792
20161007,1125797.822,1101814.84,1099675.31
20161010,1111338.897,1087857.717,1085174.465
20161011,1114866.475,1091485.047,1088224.662
20161012,1110403.485,1089278.544,1085527.547
20161013,1113701.939,1087865.933,1085371.988
20161014,1108494.25,1085424.731,1082416.331
20161017,1122323.021,1083398.718,1084217.884
20161018,1119538.67,1079808.928,1080989.022
20161019,1122331.619,1083215.449,1084868.228
20161020,1127212.797,1084338.537,1086439.983
20161021,1131600.237,1088393.738,1090619.465
20161024,1128297.486,1085586.588,1087711.889
20161025,1128170.041,1088108.106,1089516.982
20161026,1127384.963,1089564.292,1090793.55
20161027,1123141.784,1086750.075,1087291.536
20161028,1130730.875,1090798.458,1093002.826
20161031,1125020.138,1085029.465,1087303.085
20161101,1121075.124,1081832.953,1083665.896
20161102,1113501.178,1076690.705,1077658.277
20161103,1107749.604,1072091.73,1072755.589
20161104,1135288.092,1094225.889,1096373.249
20161107,1138611.983,1098010.234,1099137.475
20161108,1161923.336,1116226.945,1120264.844
20161109,1175888.5,1117959.701,1127632.071
20161110,1181842.466,1120017.577,1130841.003
20161111,1204984.805,1134967.213,1149411.559
20161114,1214509.974,1142735.773,1158008.404
20161115,1203591.292,1136854.252,1150166.664
20161116,1212011.325,1143028.526,1157360.363
20161117,1210686.331,1140700.581,1155197.637
20161118,1216233.477,1145526.054,1160719.965
20161121,1218137.33,1145581.474,1161855.409
20161122,1219369.904,1146195.103,1162844
20161123,1222537.574,1150874.952,1166735.794
20161125,1225078.747,1154885.511,1170616.924
20161128,1222902.572,1150571.693,1167835.611
20161129,1226569.693,1146274.987,1166983.063
20161130,1234002.708,1147081.792,1170403.18
20161201,1232082.663,1147975.78,1170703.08
20161202,1247598.781,1159824.397,1183315.685
20161205,1253279.304,1162654.901,1186998.017
20161206,1269595.023,1176526.069,1200664.896
20161207,1279859.738,1181338.054,1207117.725
20161208,1291965.777,1195100.925,1220489.671
20161209,1284513.376,1191446.522,1215952.297
20161212,1293318.517,1199306.886,1224454.348
20161213,1287870.16,1191776.932,1217026.792
20161214,1296410.358,1197623.231,1223583.641
20161215,1290534.089,1196012.732,1220699.752
20161216,1292529.356,1197113.806,1222263.552
20161219,1301416.83,1202639.008,1228940.783
20161220,1297203.434,1199480.985,1225510.001
20161221,1293531.897,1196211.285,1221671.097
20161222,1294021.581,1195807.605,1221573.288
20161223,1295361.631,1196761.516,1222607.419
20161227,1287047.358,1189007.295,1214303.161
20161228,1285483.869,1189499.344,1214014.164
20161229,1280592.915,1183054.264,1207940.806
20170103,1283700.163,1183098.833,1208460.075
20170104,1282170.946,1183047.176,1207645.973
20170105,1287450.61,1186828.537,1210600.036
20170106,1281361.611,1181301.776,1204982.102
20170109,1278682.188,1178954.063,1202624.786
20170110,1289884.566,1188217.226,1213070.711
20170111,1286789.959,1186194.793,1210306.957
20170112,1286256.505,1185244.693,1209681.527
20170113,1279755.379,1185922.996,1209060.566
20170117,1278947.474,1186549.121,1209304.87
20170118,1270946.282,1180448.793,1202647.811
20170119,1271098.229,1179691.117,1201229.884
20170120,1269112.439,1176838.16,1198422.868
20170123,1277808.891,1183202.859,1205216.548
20170124,1288829.683,1192897.658,1214979.894
20170125,1287372.439,1189673.836,1212133.574
20170126,1287012.814,1191354.69,1213787.391
20170127,1278962.043,1186866.722,1207898.032
20170130,1270981.62,1183322.601,1203280.476
20170131,1267805.602,1178857.792,1197485.942
20170201,1269036.382,1180063.716,1198143.351
20170202,1284435.953,1188116.823,1207966.904
20170203,1283009.826,1188123.707,1207728.622
20170206,1286021.407,1192480.168,1211577.204
20170207,1284321.71,1192058.805,1210187.108
20170208,1284365.325,1189862.525,1209718.135
20170209,1285889.257,1191314.363,1211333.898
20170210,1293893.068,1195420.993,1216286.85
20170213,1298785.282,1199776.033,1221236.489
20170214,1304170.017,1204924.324,1226894.881
20170215,1311595.294,1214894.141,1237397.38
20170216,1313031.11,1218603.713,1239907.897
20170217,1319686.833,1224568.223,1245835.792
20170221,1318550.806,1223899.827,1244261.04
20170222,1322828.336,1228030.431,1248763.514
20170223,1323251.827,1230319.021,1250971.528
20170224,1320534.498,1224120.699,1246044.387
20170227,1320558.814,1225732.043,1245904.749
20170228,1336132.383,1239382.976,1259921.138
20170301,1330103.77,1235739.366,1255726.206
20170302,1329691.833,1234074.821,1253594.789
20170303,1324504.026,1230048.964,1248727.24
20170306,1322388.091,1228289.964,1247510.075
20170307,1317970.25,1225270.586,1244103.208
20170308,1319932.276,1227173.968,1245957.586
20170309,1322068.161,1229298.777,1247676.732
20170310,1316985.957,1225493.444,1243483.57
20170313,1314748.823,1224968.53,1242767.699
20170314,1319783.935,1228216.934,1246096.85
20170315,1319204.89,1228553.698,1246411.367
20170316,1317869.649,1227959.976,1245405.199
20170317,1315731.017,1226063.368,1241553.345
20170320,1304541.46,1216823.587,1230492.681
20170321,1307073.455,1218105.536,1232205.985
20170322,1304776.367,1215591.809,1229563.486
20170323,1304101.794,1215561.226,1229111.039
20170324,1306142.61,1218512.515,1232055.338
20170327,1312326.923,1223456.679,1237465.512
20170328,1309761.198,1220782.384,1235180.843
20170329,1314095.86,1225065.06,1238875.451
20170330,1309309.771,1220417.634,1233823.27
20170331,1284761.182,1185009.726,1210353.711
20170404,1306780.097,1216870.892,1228655.392
20170405,1308358.215,1218352.398,1230516.234
20170406,1307535.916,1218281.895,1230379.332
20170407,1307168.93,1218201.733,1230212.618
20170410,1309308.193,1221351.58,1232120.629
20170411,1308644.419,1222231.099,1231535.164
20170412,1300977.81,1215977.601,1223718.331
20170413,1311375.762,1225374.021,1233694.446
20170417,1314559.692,1228606.055,1234533.723
20170418,1311742.003,1227434.022,1232669.622
20170419,1319534.15,1234272.734,1242968.158
20170420,1318879.209,1232782.396,1240608.134
20170421,1333343.714,1244700.206,1254619.796
20170424,1358996.519,1270882.912,1277161.097
20170425,1358415.12,1269248.661,1276199.115
20170426,1356479.284,1266460.812,1273220.421
20170427,1351208.91,1263660.701,1269500.985
20170428,1355502.552,1268601.03,1272570.874
20170501,1354147.125,1267332.5,1271298.375
20170502,1353669.828,1267220.573,1271000.17
20170503,1353675.063,1267266.342,1271139.746
20170504,1354094.91,1268413.819,1272777.897
20170505,1352860.419,1267371.439,1272454.423
20170508,1352578.375,1266987.5,1272142.5
20170509,1352578.375,1266987.5,1272142.5
20170510,1352578.375,1266987.5,1272142.5
20170511,1352335.337,1266789.07,1271834.864
20170512,1352222.5,1266676.75,1271732.125
20170515,1352222.5,1266676.75,1271732.125
20170516,1352222.5,1266676.75,1271732.125
20170517,1352222.5,1266676.75,1271732.125
20170518,1352222.5,1266676.75,1271732.125
20170519,1352222.5,1266676.75,1271732.125
20170522,1352236.297,1266656.552,1271511.221
20170523,1352720.352,1266967.318,1272118.609
20170524,1352496.625,1266814,1271910.625
20170525,1352326.659,1266784.262,1271996.247
20170526,1352153.516,1266787.321,1271730.847
20170530,1352970.969,1268007.16,1272994.504
20170531,1354529.023,1269589.803,1274312.859
20170601,1356392.114,1271703.595,1275012.485
20170602,1356111.17,1270942.42,1274551.459
20170605,1354613.075,1270273.237,1273302.152
20170606,1354726.105,1271209.511,1273514.227
20170607,1353463.77,1269487.844,1271786.607
20170608,1357624.5,1273840.75,1277775.43
20170609,1357709.824,1271756.835,1276250.702
20170612,1359551.313,1275457.048,1279305.405
20170613,1359031.809,1276059.107,1278409.705
20170614,1356545.185,1273943.445,1278034.626
20170615,1354886.821,1273474.772,1278765.053
20170616,1360159.947,1281487.86,1286904.986
20170619,1358648.401,1280203.761,1284387.743
20170620,1358529.515,1280206.244,1283553.964
20170621,1358022.551,1281477.367,1284514.492
20170622,1360804.441,1283223.864,1287217.187
20170623,1361005.396,1284162.805,1287988.337
20170626,1354052.505,1278223.843,1281255.766
20170627,1345079.43,1270226.999,1274774.252
20170628,1350143.262,1277807.783,1278693.124
20170629,1357294.637,1285624.897,1288156.271
20170630,1310459.122,1220078.338,1270877
20170705,1344962.817,1272081.649,1272929.392
20170706,1350803.461,1278264.776,1278584.687
20170707,1354158.373,1283657.941,1281904.482
20170710,1354797.833,1284884.521,1282565.846
20170711,1368303.924,1296875.194,1294743.726
20170712,1365136.365,1292959.868,1289756.157
20170713,1375489.136,1302331.041,1297986.872
20170714,1373967.525,1300540.122,1296542.889
20170717,1370524.874,1296514.547,1292374.162
20170718,1380314.654,1306640.227,1301490.55
20170719,1378895.613,1305309.084,1300461.045
20170720,1379780.847,1306044.994,1299836.599
20170721,1381554.924,1306939.628,1298951.504
20170724,1388857.544,1319621.255,1313078.542
20170725,1398735.686,1334784.659,1319854.019
20170726,1407195.42,1346417.756,1328788.848
20170727,1405788.25,1345071.375,1327460.125
20170728,1405562.378,1344845.378,1327234.128
20170731,1405942.563,1345225.688,1327614.438
20170801,1407798.233,1347081.358,1329470.046
20170802,1408369.616,1347652.741,1330041.491
20170803,1408156.381,1347439.443,1329828.193
20170804,1408865.367,1348148.461,1330537.211
20170807,1406301.903,1345584.997,1327973.747
20170808,1402250.434,1341533.527,1323922.27
20170809,1395225.516,1334707.173,1317142.103
20170810,1396389.192,1335946.58,1318435.283
20170811,1405696.785,1344669.74,1327046.302
20170814,1406640.13,1345577.603,1327961.259
20170815,1410467.994,1349209.14,1331530.804
20170816,1394351.115,1333813.015,1316345.679
20170817,1392288.41,1331747.41,1314414.738
20170818,1394067.631,1333474.981,1316081.117
20170821,1405917.242,1344859.636,1327397.834
20170822,1399291.288,1338532.074,1321276.482
20170823,1394627.066,1334162.406,1316988.956
20170824,1395472.123,1334768.078,1317567.779
20170825,1394299.688,1333928.88,1316795.719
20170828,1401850.986,1341311.711,1324152.267
20170829,1405334.579,1344693.257,1327520.299
20170830,1407780.066,1347154.709,1329959.951
20170831,1406968.574,1346144.656,1329247.837
20170901,1392262.753,1331180.202,1315071.667
20170905,1389774.12,1328464.546,1312418.395
20170906,1395165.187,1333755.547,1317730.57
20170907,1398235.292,1336616.912,1320507.827
20170908,1412386.726,1349930.998,1333744.772
20170911,1414689.335,1351821.499,1335637.427
20170912,1416762.163,1354089.289,1337848.496
20170913,1421483.175,1359145.735,1342762.244
20170914,1429150.78,1366432.418,1350051.037
20170915,1435309.933,1372279.762,1355989.77
20170918,1440016.991,1376726.35,1360393.392
20170919,1445858.741,1382549.677,1366155.83
20170920,1441951.03,1378913.416,1362527.58
20170921,1442957.8,1379927.748,1363463.162
20170922,1431918.507,1369279.338,1352805.337
20170925,1435672.492,1373206.65,1356590.822
20170926,1439583.825,1376766.425,1360268.401
20170927,1438876.105,1376118.753,1359592.22
20170928,1444873.059,1382022.75,1365343.987
20170929,1354193.073,1281104.29,1366879
20171003,1452345.908,1388925.521,1372241.924
20171004,1459857.056,1396488.378,1379509.381
20171005,1460241.227,1397185.594,1379412.513
20171006,1462582.171,1399309.879,1381728.208
20171009,1471276.402,1408401.669,1390275.551
20171010,1474551.547,1412175.768,1392837.804
20171011,1479350.937,1417699.369,1398345.187
20171012,1481327.116,1420363.005,1399656.734
20171013,1485444.029,1423631.726,1403004.954
20171016,1483377.952,1422531.131,1401827.325
20171017,1489640.888,1431579.9,1408516.763
20171018,1493899.168,1436555.148,1411724.285
20171019,1502066.019,1445873.364,1422199.002
20171020,1500802.641,1442786.263,1419278.49
20171023,1515988.673,1455602.216,1431178.55
20171024,1502391.231,1444540.07,1423064.874
20171025,1505510.091,1446067.728,1421113.889
20171026,1509939.262,1450435.452,1421967.633
20171027,1507507.249,1448980.621,1416883.706
20171030,1505981.489,1445854.397,1415743.346
20171031,1511795.387,1450173.101,1420049.237
20171101,1517787.747,1456410.826,1425946.162
20171102,1515024.405,1453484.698,1425042.42
20171103,1517771.147,1453365.83,1425142.212
20171106,1525469.824,1459440.756,1430033.321
20171107,1523998.499,1457035.576,1431065.777
20171108,1516798.094,1448224.186,1424525.801
20171109,1517981.461,1447919.578,1423017.859
20171110,1517127.548,1446132.696,1421020.329
20171113,1520000.965,1450503.244,1423491.397
20171114,1507851.688,1438074.697,1415322.085
20171115,1512346.939,1443367.643,1418183.801
20171116,1505283.385,1436404.628,1413588.871
20171117,1509368.636,1439864.039,1416099.806
20171120,1519836.818,1449518.132,1425432.039
20171121,1516180.982,1447745.976,1420015.505
20171122,1515314.507,1447026.203,1419634.682
20171124,1515225.051,1448047.266,1422933.853
20171127,1533960.207,1464884.142,1440819.251
20171128,1535806.059,1467400.386,1447961.486
20171129,1561097.499,1491710.317,1470070.892
20171130,1554300.986,1485146.187,1465643.266
20171201,1559778.649,1492472.328,1467452.735
20171204,1549602.359,1482623.634,1459112.883
20171205,1553935.234,1486068.62,1458984.704
20171206,1557674.529,1492242.539,1461810.773
20171207,1565926.356,1503845.78,1468506.543
20171208,1568338.688,1504897.407,1473996.922
20171211,1572657.716,1515109.675,1480014.127
20171212,1583055.548,1524839.503,1484205.206
20171213,1575689.923,1517951.555,1477125.281
20171214,1587220.326,1529610.649,1486559.936
20171215,1594211.971,1536922.653,1490564.779
20171218,1594044.204,1536760.026,1488300.452
20171219,1604951.315,1544741.446,1491568.017
20171220,1603120.317,1543470.77,1488692.001
20171221,1607274.562,1547200.454,1492257.677
20171222,1607376.953,1547382.698,1492097.142
20171226,1609786.571,1549888.236,1493350.674
20171227,1604191.885,1543894.38,1488026.083
20171228,1614975.494,1556725.403,1497359.497
20171229,1447927.809,1384785.73,1499768
20180103,1619191.852,1561474.699,1501792.387
20180104,1633339.161,1581477.33,1518035.49
20180105,1631705.875,1579895.875,1516517.5
20180108,1631705.875,1579895.875,1516517.5
20180109,1631705.875,1579895.875,1516517.5
20180110,1631705.875,1579895.875,1516517.5
20180111,1631705.875,1579895.875,1516517.5
20180112,1631705.875,1579895.875,1516517.5
20180116,1631705.875,1579895.875,1516517.5
20180117,1631705.875,1579895.875,1516517.5
20180118,1631705.875,1579895.875,1516517.5
20180119,1631705.875,1579895.875,1516517.5
20180122,1631705.875,1579895.875,1516517.5
20180123,1631705.875,1579895.875,1516517.5
20180124,1631705.875,1579895.875,1516517.5
20180125,1631705.875,1579895.875,1516517.5
20180126,1631705.875,1579895.875,1516517.5
20180129,1631705.875,1579895.875,1516517.5
20180130,1631705.875,1579895.875,1516517.5
20180131,1631705.875,1579895.875,1516517.5
20180201,1631705.875,1579895.875,1516517.5
20180202,1631705.875,1579895.875,1516517.5
20180205,1631705.875,1579895.875,1516517.5
20180206,1631705.875,1579895.875,1516517.5
20180207,1631705.875,1579895.875,1516517.5
20180208,1631705.875,1579895.875,1516517.5
20180209,1631705.875,1579895.875,1516517.5
20180212,1631705.875,1579895.875,1516517.5
20180213,1631705.875,1579895.875,1516517.5
20180214,1631705.875,1579895.875,1516517.5
20180215,1631705.875,1579895.875,1516517.5
20180216,1631705.875,1579895.875,1516517.5
20180220,1631705.875,1579895.875,1516517.5
20180221,1631705.875,1579895.875,1516517.5
20180222,1631705.875,1579895.875,1516517.5
20180223,1631705.875,1579895.875,1516517.5
20180226,1631705.875,1579895.875,1516517.5
20180227,1631705.875,1579895.875,1516517.5
20180228,1631705.875,1579895.875,1516517.5
20180301,1631705.875,1579895.875,1516517.5
20180302,1631705.875,1579895.875,1516517.5
20180305,1631705.875,1579895.875,1516517.5
20180306,1631705.875,1579895.875,1516517.5
20180307,1631705.875,1579895.875,1516517.5
20180308,1631705.875,1579895.875,1516517.5
20180309,1631705.875,1579895.875,1516517.5
20180312,1631705.875,1579895.875,1516517.5
20180313,1631705.875,1579895.875,1516517.5
20180314,1631705.875,1579895.875,1516517.5
20180315,1631705.875,1579895.875,1516517.5
20180316,1630226.127,1578346.845,1513744.75
20180319,1630686.017,1578415.994,1514300.429
20180320,1618970.432,1565934.756,1497929.078
20180321,1608474.499,1558221.706,1485543.061
20180322,1628833.59,1575787.412,1505102.231
20180323,1615358.057,1563251.557,1490527.422
20180326,1612670.714,1559054.948,1488505.032
20180327,1623435.24,1571177.96,1498881.362
20180328,1605603.729,1552622.174,1478690.519
20180329,1619266.576,1568600.254,1491800.757
20180402,1629377.464,1580384.959,1503507.161
20180403,1618943.949,1563933.315,1501214.794
20180405,1613731.809,1565437.682,1485413.519
20180406,1616898.576,1569686.664,1490551.733
20180409,1640711.268,1594357.425,1519371.912
20180410,1630177.432,1583666.315,1506357.663
20180411,1649437.557,1601870.679,1529630.515
20180412,1638698.327,1592857.268,1520215.61
20180413,1648411.043,1603010.131,1533233.508
20180416,1656059.165,1612790.682,1545147.303
20180417,1651721.157,1605320.875,1534666.62
20180418,1641457.586,1598164.65,1522176.234
20180419,1639928.875,1596984.75,1520654.125
20180420,1639928.875,1596984.75,1520654.125
20180423,1639928.875,1596984.75,1520654.125
20180424,1639928.875,1596984.75,1520654.125
20180425,1639928.875,1596984.75,1520654.125
20180426,1639928.875,1596984.75,1520654.125
20180427,1639928.875,1596984.75,1520654.125
20180430,1639928.875,1596984.75,1520654.125
20180501,1639928.875,1596984.75,1520654.125
20180502,1639928.875,1596984.75,1520654.125
20180503,1639928.875,1596984.75,1520654.125
20180504,1639928.875,1596984.75,1520654.125
20180507,1639928.875,1596984.75,1520654.125
20180508,1639928.875,1596984.75,1520654.125
20180509,1639928.875,1596984.75,1520654.125
20180510,1639928.875,1596984.75,1520654.125
20180511,1639928.875,1596984.75,1520654.125
20180514,1639928.875,1596984.75,1520654.125
20180515,1640179.579,1597027.723,1520803.164
20180516,1640078.25,1596941.75,1520722.25
20180517,1639623.234,1596829.043,1520888.667
20180518,1641221.691,1600615.758,1523615.379
20180521,1639228.018,1598080.33,1520346.185
20180522,1640592.615,1599117.998,1522011.747
20180523,1638927.923,1596586.761,1520356.644
20180524,1637528.81,1593792.779,1519594.675
20180525,1627810.078,1585120.766,1510682.584
20180529,1636400.403,1592563.348,1517828.564
20180530,1629931.831,1586754.917,1510633.044
20180531,1635113.961,1591235.317,1516130.088
20180601,1639983.743,1596801.41,1522485.362
20180604,1638805.701,1594950.905,1520159.328
20180605,1653510.184,1606185.678,1534313.949
20180606,1659786.395,1612138.44,1534751.721
20180607,1663697.318,1615317.917,1538190.275
20180608,1663230.835,1617666.865,1541193.79
20180611,1662127.404,1616279.379,1539989.519
20180612,1652422.413,1612398.765,1532006.035
20180613,1648521.953,1609583.873,1529343.952
20180614,1643636.245,1602446.123,1522526.21
20180615,1619969.778,1577208.267,1489892.261
20180618,1616708.823,1574721.929,1488891.487
20180619,1607965.079,1561285.76,1474379.977
20180620,1610934.072,1567463.645,1480783.712
20180621,1589881.8,1545379.866,1457281.021
20180622,1593145.284,1545656.653,1456232.166
20180625,1584909.318,1539262.398,1447720.373
20180626,1598373.535,1552383.532,1457122.539
20180627,1596167.029,1551600.817,1457822.128
20180628,1594575.125,1550049.25,1456460.25
20180629,1594575.125,1550049.25,1456460.25
20180702,1643068.764,1595239.471,1516444.809
20180705,1595046.623,1550520.623,1456931.748
20180706,1599377.142,1554851.142,1461262.267
20180709,1601749.58,1557223.58,1463634.642
20180710,1597774.345,1553248.407,1459659.47
20180711,1603264.707,1558738.707,1465149.832
20180712,1608271.623,1563745.686,1470156.811
20180713,1610691.476,1566165.539,1472576.601
20180716,1607728.513,1563202.544,1469613.638
20180717,1614444.144,1569918.175,1476329.269
20180718,1605187.56,1560661.592,1467072.697
20180719,1608823.009,1564310.913,1470468.276
20180720,1607366.554,1562920.624,1469065.181
20180723,1613466.008,1569010.346,1474743.152
20180724,1630378.554,1585257.201,1489982.006
20180725,1641994.712,1596706.789,1500703.623
20180726,1634967.033,1590067.445,1494425.264
20180727,1628243.4,1583653.985,1488471.984
20180730,1635020.198,1590328.081,1494765.247
20180731,1626609.508,1581883.141,1486922.011
20180801,1624982.875,1580301.25,1485435.125
20180802,1624982.875,1580301.25,1485435.125
20180803,1624982.875,1580301.25,1485435.125
20180806,1624982.875,1580301.25,1485435.125
20180807,1624982.875,1580301.25,1485435.125
20180808,1624982.875,1580301.25,1485435.125
20180809,1624982.875,1580301.25,1485435.125
20180810,1624982.875,1580301.25,1485435.125
20180813,1624982.875,1580301.25,1485435.125
20180814,1624982.875,1580301.25,1485435.125
20180815,1624982.875,1580301.25,1485435.125
20180816,1624982.875,1580301.25,1485435.125
20180817,1624982.875,1580301.25,1485435.125
20180820,1624982.875,1580301.25,1485435.125
20180821,1624982.875,1580301.25,1485435.125
20180822,1623995.397,1579313.772,1484447.647
20180823,1624963.136,1580281.511,1485415.261
20180824,1630878.962,1586197.337,1491331.15
20180827,1630217.906,1585536.218,1490670.093
20180828,1629856.846,1585175.158,1490309.033
20180829,1623074.767,1578393.142,1483526.954
20180830,1622203.625,1577521.875,1482655.75
20180831,1622203.625,1577521.875,1482655.75
20180904,1622200.837,1577519.212,1482653.087
20180905,1622826.731,1578145.106,1483278.981
20180906,1620615.862,1575934.237,1481068.112
20180907,1618500.461,1573818.836,1478952.711
20180910,1619758.087,1575076.462,1480210.274
20180911,1618812.875,1574131.25,1479265
20180912,1618812.875,1574131.25,1479265
20180913,1618812.875,1574131.25,1479265
20180914,1620084.848,1575403.223,1480537.098
20180917,1619903.625,1575222,1480355.875
20180918,1621883.538,1577201.913,1482335.788
20180919,1623540.97,1578859.345,1483993.095
20180920,1618927.518,1574245.83,1479379.705
20180921,1617532.26,1572850.635,1477984.51
20180924,1613109.018,1568427.393,1473561.206
20180925,1615162.954,1570481.329,1475615.142
20180926,1614222,1569540.375,1474674.25
20180927,1614222,1569540.375,1474674.25
20180928,1614222,1569540.375,1474674.25
20181001,1594575.125,1550049.25,1456460.25
20181003,1613148.776,1568467.151,1473601.026
20181004,1612976,1568294.375,1473428.25
20181005,1612976,1568294.375,1473428.25
20181008,1612976,1568294.375,1473428.25
20181009,1612976,1568294.375,1473428.25
20181010,1612976,1568294.375,1473428.25
20181011,1613809.837,1569128.212,1474262.087
20181012,1613076.102,1568394.477,1473528.352
20181015,1619602.878,1574921.253,1480055.003
20181016,1620521.635,1575840.01,1480973.885
20181017,1620035.25,1575353.625,1480487.5
20181018,1620035.25,1575353.625,1480487.5
20181019,1620035.25,1575353.625,1480487.5
20181022,1620035.25,1575353.625,1480487.5
20181023,1620035.25,1575353.625,1480487.5
20181024,1620035.25,1575353.625,1480487.5
20181025,1620035.25,1575353.625,1480487.5
20181026,1620035.25,1575353.625,1480487.5
20181029,1620035.25,1575353.625,1480487.5
20181030,1620035.25,1575353.625,1480487.5
20181031,1620035.25,1575353.625,1480487.5
20181101,1620035.25,1575353.625,1480487.5
20181102,1620035.25,1575353.625,1480487.5
20181105,1620035.25,1575353.625,1480487.5
20181106,1620035.25,1575353.625,1480487.5
20181107,1620035.25,1575353.625,1480487.5
20181108,1620035.25,1575353.625,1480487.5
20181109,1620035.25,1575353.625,1480487.5
20181112,1620035.25,1575353.625,1480487.5
20181113,1620035.25,1575353.625,1480487.5
20181114,1620035.25,1575353.625,1480487.5
20181115,1620035.25,1575353.625,1480487.5
20181116,1620035.25,1575353.625,1480487.5
20181119,1620035.25,1575353.625,1480487.5
20181120,1620035.25,1575353.625,1480487.5
20181121,1620035.25,1575353.625,1480487.5
20181123,1620035.25,1575353.625,1480487.5
20181126,1620035.25,1575353.625,1480487.5
20181127,1620035.25,1575353.625,1480487.5
20181128,1620035.25,1575353.625,1480487.5
20181129,1620035.25,1575353.625,1480487.5
20181130,1620035.25,1575353.625,1480487.5
20181203,1620035.25,1575353.625,1480487.5
20181204,1620035.25,1575353.625,1480487.5
20181206,1620035.25,1575353.625,1480487.5
20181207,1620035.25,1575353.625,1480487.5
20181210,1620035.25,1575353.625,1480487.5
20181211,1620035.25,1575353.625,1480487.5
20181212,1620035.25,1575353.625,1480487.5
20181213,1620035.25,1575353.625,1480487.5
20181214,1620035.25,1575353.625,1480487.5
20181217,1620035.25,1575353.625,1480487.5
20181218,1620035.25,1575353.625,1480487.5
20181219,1620035.25,1575353.625,1480487.5
20181220,1620035.25,1575353.625,1480487.5
20181221,1625736.524,1581054.899,1486188.649
20181224,1625604.625,1580922.875,1486056.75
20181226,1625604.625,1580922.875,1486056.75
20181227,1625604.625,1580922.875,1486056.75
20181228,1625604.625,1580922.875,1486056.75
20181231,1625604.625,1580922.875,1486056.75
20190102,1614222,1569540.375,1474674.25
20190104,1626372.168,1581690.543,1486824.418
20190107,1629870.732,1585189.107,1490322.982
20190108,1631526.934,1586845.184,1491979.059
20190109,1633280.346,1588598.721,1493732.534
20190110,1632390.516,1587708.891,1492842.703
20190111,1627602.145,1582920.52,1488054.332
20190114,1629499.254,1584817.598,1489951.441
20190115,1627834.078,1583152.453,1488286.281
20190116,1637938.508,1593256.867,1498390.697
20190117,1658606.409,1613613.789,1517418.143
20190118,1638600.874,1594231.874,1499076.611
20190122,1652824.577,1608329.077,1511940.381
20190123,1651123.738,1606713.681,1510348.787
20190124,1660659.703,1615872.024,1519115.876
20190125,1643915.627,1600479.577,1503742.101
20190128,1646610.491,1602941.97,1505991.463
20190129,1662929.835,1619134.782,1521333.243
20190130,1654273.132,1609932.184,1513741.419
20190131,1654301.184,1610397.189,1514087.928
20190201,1659303.345,1615350.057,1518766.8
20190204,1669088.213,1624841.511,1527799.95
20190205,1660816.51,1616865.859,1520296.177
20190206,1646673.428,1602904.71,1507313.43
20190207,1644638.002,1601070.146,1505538.098
20190208,1641999.571,1598534.191,1503120.312
20190211,1664619.778,1620577.25,1523884.441
20190212,1673809.362,1629454.665,1532280.092
20190213,1665622.7,1621688.763,1525033.346
20190214,1695231.153,1650523.931,1552036.088
20190215,1696303.001,1651390.875,1552996.414
20190219,1702164.186,1656901.006,1558085.622
20190220,1701307.915,1656339.176,1557542.995
20190221,1710740.094,1665702.934,1566415.183
20190222,1712439.235,1667113.332,1567857.39
20190225,1708759,1663839.615,1564718.022
20190226,1704292.613,1659406.478,1561030.772
20190227,1701168.135,1656558.983,1558313.213
20190228,1706736.634,1662504.552,1563677.664
20190301,1702162.283,1657922.123,1559504.493
20190304,1697231.806,1653350.752,1555039.817
20190305,1690552.892,1647259.393,1548861.798
20190306,1678293.181,1635410.971,1537763.856
20190307,1670103.673,1627560.686,1530234.329
20190308,1691442.111,1648353.709,1549813.18
20190311,1697513.634,1654486.795,1555481.981
20190312,1703496.869,1660301.186,1561190.934
20190313,1699096.142,1656229.893,1557385.313
20190314,1706782.853,1663878.057,1564458.841
20190315,1711197.783,1668398.729,1568825.548
20190318,1709782.798,1667090.436,1567424.2
20190319,1707499.724,1665025.74,1565305.735
20190320,1724216.576,1681753.772,1580744.681
20190321,1699679.794,1657878.729,1558081.399
20190322,1697035.499,1655301.253,1555714.889
20190325,1703874.296,1661775.64,1561900.381
20190326,1711187.202,1668841.425,1568576.42
20190327,1723579.796,1680740.765,1579770.998
20190328,1742943.296,1699347.222,1597545.252
20190329,1703204.893,1662990.242,1564368.233
20190401,1701501.75,1661327.25,1562803.875
20190402,1701501.75,1661327.25,1562803.875
20190403,1625604.625,1580922.875,1486056.75
20190405,1700782.207,1661699.341,1561532.795
20190408,1700623.875,1661558.375,1561393.125
20190409,1700623.875,1661558.375,1561393.125
20190410,1700623.875,1661558.375,1561393.125
20190411,1700623.875,1661558.375,1561393.125
20190412,1700623.875,1661558.375,1561393.125
20190415,1700623.875,1661558.375,1561393.125
20190416,1700623.875,1661558.375,1561393.125
20190417,1700623.875,1661558.375,1561393.125
20190418,1700623.875,1661558.375,1561393.125
20190422,1700623.875,1661558.375,1561393.125
20190423,1700623.875,1661558.375,1561393.125
20190424,1700623.875,1661558.375,1561393.125
20190425,1700623.875,1661558.375,1561393.125
20190426,1700623.875,1661558.375,1561393.125
20190429,1700623.875,1661558.375,1561393.125
20190430,1700623.875,1661558.375,1561393.125
20190501,1700623.875,1661558.375,1561393.125
20190502,1700623.875,1661558.375,1561393.125
20190503,1700623.875,1661558.375,1561393.125
20190506,1700623.875,1661558.375,1561393.125
20190507,1700623.875,1661558.375,1561393.125
20190508,1700623.875,1661558.375,1561393.125
20190509,1700623.875,1661558.375,1561393.125
20190510,1700623.875,1661558.375,1561393.125
20190513,1700623.875,1661558.375,1561393.125
20190514,1700623.875,1661558.375,1561393.125
20190515,1700623.875,1661558.375,1561393.125
20190516,1700623.875,1661558.375,1561393.125
20190517,1700623.875,1661558.375,1561393.125
20190520,1700623.875,1661558.375,1561393.125
20190521,1700623.875,1661558.375,1561393.125
20190522,1700623.875,1661558.375,1561393.125
20190523,1700623.875,1661558.375,1561393.125
20190524,1700623.875,1661558.375,1561393.125
20190528,1700623.875,1661558.375,1561393.125
20190529,1700623.875,1661558.375,1561393.125
20190530,1700623.875,1661558.375,1561393.125
20190531,1700623.875,1661558.375,1561393.125
20190603,1700623.875,1661558.375,1561393.125
20190604,1700623.875,1661558.375,1561393.125
20190605,1700623.875,1661558.375,1561393.125
20190606,1700623.875,1661558.375,1561393.125
20190607,1700623.875,1661558.375,1561393.125
20190610,1700623.875,1661558.375,1561393.125
20190611,1700623.875,1661558.375,1561393.125
20190612,1700623.875,1661558.375,1561393.125
20190613,1700623.875,1661558.375,1561393.125
20190614,1700623.875,1661558.375,1561393.125
20190617,1700623.875,1661558.375,1561393.125
20190618,1700623.875,1661558.375,1561393.125
20190619,1700623.875,1661558.375,1561393.125
20190620,1700623.875,1661558.375,1561393.125
20190621,1700623.875,1661558.375,1561393.125
20190624,1700623.875,1661558.375,1561393.125
20190625,1700942.638,1660668.869,1560679.905
20190626,1701869.146,1662017.593,1561053.428
20190627,1701617.41,1664509.274,1560803.381
20190628,1701964.517,1666002.402,1560703.888
20190701,1705539.745,1669882.012,1563220.556
20190702,1705939.796,1668673.625,1564039.478
20190703,1701501.75,1661327.25,1562803.875
20190708,1701511.716,1665150.705,1559002.822
20190709,1702900.991,1668700.327,1560586.943
20190710,1720683.831,1673829.788,1576359.312
20190711,1719472,1672857.5,1575293.875
20190712,1719472,1672857.5,1575293.875
20190715,1719472,1672857.5,1575293.875
20190716,1719472,1672857.5,1575293.875
20190717,1718529.222,1672499.442,1574351.097
20190718,1714815.342,1669903.745,1570637.342
20190719,1714500.633,1670272.406,1570322.571
20190722,1719311.303,1672304.617,1575133.178
20190723,1721209.929,1671065.757,1577031.835
20190724,1720065.25,1670554.5,1575887.125
20190725,1720065.25,1670554.5,1575887.125
20190726,1720065.25,1670554.5,1575887.125
20190729,1720065.25,1670554.5,1575887.125
20190730,1720065.25,1670554.5,1575887.125
20190731,1717937.246,1668204.528,1573759.246
20190801,1717749.875,1668023.625,1573571.75
20190802,1712376.901,1664161.956,1568198.901
20190805,1716868.471,1667112.409,1572690.346
20190806,1715378.138,1667943.814,1571199.95
20190807,1714827.875,1667649.125,1570649.75
20190808,1714827.875,1667649.125,1570649.75
20190809,1714827.875,1667649.125,1570649.75
20190812,1714827.875,1667649.125,1570649.75
20190813,1714827.875,1667649.125,1570649.75
20190814,1714827.875,1667649.125,1570649.75
20190815,1714827.875,1667649.125,1570649.75
20190816,1714827.875,1667649.125,1570649.75
20190819,1714827.875,1667649.125,1570649.75
20190820,1714827.875,1667649.125,1570649.75
20190821,1714827.875,1667649.125,1570649.75
20190822,1714827.875,1667649.125,1570649.75
20190823,1714827.875,1667649.125,1570649.75
20190826,1714827.875,1667649.125,1570649.75
20190827,1714827.875,1667649.125,1570649.75
20190828,1714827.875,1667649.125,1570649.75
20190829,1714827.875,1667649.125,1570649.75
20190830,1714827.875,1667649.125,1570649.75
20190903,1714827.875,1667649.125,1570649.75
20190904,1714827.875,1667649.125,1570649.75
20190905,1714827.875,1667649.125,1570649.75
20190906,1714827.875,1667649.125,1570649.75
20190909,1714827.875,1667649.125,1570649.75
20190910,1714827.875,1667649.125,1570649.75
20190911,1714827.875,1667649.125,1570649.75
20190912,1714827.875,1667649.125,1570649.75
20190913,1714827.875,1667649.125,1570649.75
20190916,1714827.875,1667649.125,1570649.75
20190917,1714827.875,1667649.125,1570649.75
20190918,1714827.875,1667649.125,1570649.75
20190919,1714827.875,1667649.125,1570649.75
20190920,1714827.875,1667649.125,1570649.75
20190923,1714827.875,1667649.125,1570649.75
20190924,1714827.875,1667649.125,1570649.75
20190925,1714827.875,1667649.125,1570649.75
20190926,1714827.875,1667649.125,1570649.75
20190927,1714827.875,1667649.125,1570649.75
20190930,1714827.875,1667649.125,1570649.75
20191001,1714827.875,1667649.125,1570649.75
20191002,1702510.187,1666623.676,1560434.14
20191004,1713725.543,1666546.918,1569547.543
20191007,1713514.625,1666336,1569336.5
20191008,1713514.625,1666336,1569336.5
20191009,1713514.625,1666336,1569336.5
20191010,1713514.625,1666336,1569336.5
20191011,1713514.625,1666336,1569336.5
20191014,1713514.625,1666336,1569336.5
20191015,1713514.625,1666336,1569336.5
20191016,1713514.625,1666336,1569336.5
20191017,1713514.625,1666336,1569336.5
20191018,1713514.625,1666336,1569336.5
20191021,1713514.625,1666336,1569336.5
20191022,1713514.625,1666336,1569336.5
20191023,1713514.625,1666336,1569336.5
20191024,1713514.625,1666336,1569336.5
20191025,1713514.625,1666336,1569336.5
20191028,1713514.625,1666336,1569336.5
20191029,1713514.625,1666336,1569336.5
20191030,1713514.625,1666336,1569336.5
20191031,1713514.625,1666336,1569336.5
20191101,1713514.625,1666336,1569336.5
20191104,1713514.625,1666336,1569336.5
20191105,1713514.625,1666336,1569336.5
20191106,1713514.625,1666336,1569336.5
20191107,1713514.625,1666336,1569336.5
20191108,1713514.625,1666336,1569336.5
20191111,1713514.625,1666336,1569336.5
20191112,1713778.186,1666599.436,1569600.061
20191113,1713572.25,1666393.5,1569394.125
20191114,1713572.25,1666393.5,1569394.125
20191115,1713572.25,1666393.5,1569394.125
20191118,1713572.25,1666393.5,1569394.125
20191119,1713572.25,1666393.5,1569394.125
20191120,1713572.25,1666393.5,1569394.125
20191121,1713572.25,1666393.5,1569394.125
20191122,1713572.25,1666393.5,1569394.125
20191125,1713572.25,1666393.5,1569394.125
20191126,1713572.25,1666393.5,1569394.125
20191127,1713572.25,1666393.5,1569394.125
20191129,1713572.25,1666393.5,1569394.125
20191202,1713572.25,1666393.5,1569394.125
20191203,1713572.25,1666393.5,1569394.125
20191204,1713572.25,1666393.5,1569394.125
20191205,1713572.25,1666393.5,1569394.125
20191206,1713572.25,1666393.5,1569394.125
20191209,1713572.25,1666393.5,1569394.125
20191210,1713572.25,1666393.5,1569394.125
20191211,1713572.25,1666393.5,1569394.125
20191212,1713572.25,1666393.5,1569394.125
20191213,1713572.25,1666393.5,1569394.125
20191216,1713572.25,1666393.5,1569394.125
20191217,1713572.25,1666393.5,1569394.125
20191218,1713572.25,1666393.5,1569394.125
20191219,1713572.25,1666393.5,1569394.125
20191220,1713572.25,1666393.5,1569394.125
20191223,1713572.25,1666393.5,1569394.125
20191224,1713572.25,1666393.5,1569394.125
20191226,1713572.25,1666393.5,1569394.125
20191227,1713572.25,1666393.5,1569394.125
20191230,1713572.25,1666393.5,1569394.125
20191231,1713572.25,1666393.5,1569394.125
20200102,1714827.875,1667649.125,1570649.75
20200106,1712241.675,1665883.334,1568572.72
20200107,1716114.088,1666112.259,1570382.105
20200108,1715520.75,1665983,1570188.5
20200109,1714365.761,1665430.393,1569687.056
20200110,1714099.25,1665327,1569577.375
20200113,1714099.25,1665327,1569577.375
20200114,1714099.25,1665327,1569577.375
20200115,1714099.25,1665327,1569577.375
20200116,1714099.25,1665327,1569577.375
20200117,1714099.25,1665327,1569577.375
20200121,1714099.25,1665327,1569577.375
20200122,1714099.25,1665327,1569577.375
20200123,1714099.25,1665327,1569577.375
20200124,1714099.25,1665327,1569577.375
20200127,1714099.25,1665327,1569577.375
20200128,1714099.25,1665327,1569577.375
20200129,1714099.25,1665327,1569577.375
20200130,1714099.25,1665327,1569577.375
20200131,1714099.25,1665327,1569577.375
20200203,1714099.25,1665327,1569577.375
20200204,1714099.25,1665327,1569577.375
20200205,1714099.25,1665327,1569577.375
20200206,1714099.25,1665327,1569577.375
20200207,1714099.25,1665327,1569577.375
20200210,1714099.25,1665327,1569577.375
20200211,1714099.25,1665327,1569577.375
20200212,1714099.25,1665327,1569577.375
20200213,1714099.25,1665327,1569577.375
20200214,1714099.25,1665327,1569577.375
20200218,1714099.25,1665327,1569577.375
20200219,1714099.25,1665327,1569577.375
20200220,1714099.25,1665327,1569577.375
20200221,1704751.364,1657900.688,1562606.5
20200224,1691611.494,1646526.325,1551687.368
20200225,1691151,1646246.75,1551366.875
20200226,1691151,1646246.75,1551366.875
20200227,1688469.037,1645309.492,1550520.09
20200228,1688297.875,1645190.25,1550411.625
20200302,1688297.875,1645190.25,1550411.625
20200303,1688297.875,1645190.25,1550411.625
20200304,1688297.875,1645190.25,1550411.625
20200305,1688297.875,1645190.25,1550411.625
20200306,1688297.875,1645190.25,1550411.625
20200309,1688297.875,1645190.25,1550411.625
20200310,1688297.875,1645190.25,1550411.625
20200311,1688297.875,1645190.25,1550411.625
20200312,1688297.875,1645190.25,1550411.625
20200313,1688297.875,1645190.25,1550411.625
20200316,1688297.875,1645190.25,1550411.625
20200317,1688297.875,1645190.25,1550411.625
20200318,1688297.875,1645190.25,1550411.625
20200319,1688297.875,1645190.25,1550411.625
20200320,1688297.875,1645190.25,1550411.625
20200323,1688297.875,1645190.25,1550411.625
20200324,1688297.875,1645190.25,1550411.625
20200325,1688297.875,1645190.25,1550411.625
20200326,1688297.875,1645190.25,1550411.625
20200327,1688297.875,1645190.25,1550411.625
20200330,1688297.875,1645190.25,1550411.625
20200331,1688297.875,1645190.25,1550411.625
20200401,1688297.875,1645190.25,1550411.625
20200402,1713572.25,1666393.5,1569394.125
20200406,1688389.253,1646089.388,1551310.763
20200407,1688314.625,1645948.75,1551170
20200408,1688314.625,1645948.75,1551170
20200409,1688314.625,1645948.75,1551170
20200413,1688314.625,1645948.75,1551170
20200414,1688314.625,1645948.75,1551170
20200415,1688314.625,1645948.75,1551170
20200416,1688314.625,1645948.75,1551170
20200417,1688314.625,1645948.75,1551170
20200420,1688314.625,1645948.75,1551170
20200421,1688314.625,1645948.75,1551170
20200422,1688314.625,1645948.75,1551170
20200423,1688314.625,1645948.75,1551170
20200424,1688314.625,1645948.75,1551170
20200427,1688314.625,1645948.75,1551170
20200428,1688314.625,1645948.75,1551170
20200429,1688314.625,1645948.75,1551170
20200430,1688314.625,1645948.75,1551170
20200501,1688314.625,1645948.75,1551170
20200504,1688314.625,1645948.75,1551170
20200505,1688314.625,1645948.75,1551170
20200506,1688314.625,1645948.75,1551170
20200507,1688314.625,1645948.75,1551170
20200508,1688314.625,1645948.75,1551170
20200511,1688314.625,1645948.75,1551170
20200512,1688314.625,1645948.75,1551170
20200513,1688314.625,1645948.75,1551170
20200514,1688314.625,1645948.75,1551170
20200515,1688314.625,1645948.75,1551170
20200518,1688314.625,1645948.75,1551170
20200519,1688314.625,1645948.75,1551170
20200520,1688314.625,1645948.75,1551170
20200521,1688314.625,1645948.75,1551170
20200522,1688314.625,1645948.75,1551170
20200526,1688314.625,1645948.75,1551170
20200527,1688314.625,1645948.75,1551170
20200528,1687993.294,1644990.654,1550211.904
20200529,1688032.208,1647079.838,1552301.088
20200601,1687778,1646712.875,1551934.125
20200602,1687778,1646712.875,1551934.125
20200603,1687778,1646712.875,1551934.125
20200604,1693053.689,1654327.628,1559549.003
20200605,1692865.25,1654123.25,1559344.625
20200608,1692865.25,1654123.25,1559344.625
20200609,1692865.25,1654123.25,1559344.625
20200610,1692865.25,1654123.25,1559344.625
20200611,1692865.25,1654123.25,1559344.625
20200612,1692865.25,1654123.25,1559344.625
20200615,1692865.25,1654123.25,1559344.625
20200616,1692865.25,1654123.25,1559344.625
20200617,1692865.25,1654123.25,1559344.625
20200618,1692865.25,1654123.25,1559344.625
20200619,1692865.25,1654123.25,1559344.625
20200622,1692865.25,1654123.25,1559344.625
20200623,1692865.25,1654123.25,1559344.625
20200624,1692865.25,1654123.25,1559344.625
20200625,1692865.25,1654123.25,1559344.625
20200626,1692865.25,1654123.25,1559344.625
20200629,1692865.25,1654123.25,1559344.625
20200630,1692865.25,1654123.25,1559344.625
20200701,1692865.25,1654123.25,1559344.625
20200702,1688297.875,1645190.25,1550411.625
